Lat,GPP_mean,NPP_mean
89.975,NaN,NaN
89.925,NaN,NaN
89.875,NaN,NaN
89.825,NaN,NaN
89.775,NaN,NaN
89.725,NaN,NaN
89.675,NaN,NaN
89.625,NaN,NaN
89.575,NaN,NaN
89.525,NaN,NaN
89.475,NaN,NaN
89.425,NaN,NaN
89.375,NaN,NaN
89.325,NaN,NaN
89.275,NaN,NaN
89.225,NaN,NaN
89.175,NaN,NaN
89.125,NaN,NaN
89.075,NaN,NaN
89.025,NaN,NaN
88.975,NaN,NaN
88.925,NaN,NaN
88.875,NaN,NaN
88.825,NaN,NaN
88.775,NaN,NaN
88.725,NaN,NaN
88.675,NaN,NaN
88.625,NaN,NaN
88.575,NaN,NaN
88.525,NaN,NaN
88.475,NaN,NaN
88.425,NaN,NaN
88.375,NaN,NaN
88.325,NaN,NaN
88.275,NaN,NaN
88.225,NaN,NaN
88.175,NaN,NaN
88.125,NaN,NaN
88.075,NaN,NaN
88.025,NaN,NaN
87.975,NaN,NaN
87.925,NaN,NaN
87.875,NaN,NaN
87.825,NaN,NaN
87.775,NaN,NaN
87.725,NaN,NaN
87.675,NaN,NaN
87.625,NaN,NaN
87.575,NaN,NaN
87.525,NaN,NaN
87.475,NaN,NaN
87.425,NaN,NaN
87.375,NaN,NaN
87.325,NaN,NaN
87.275,NaN,NaN
87.225,NaN,NaN
87.175,NaN,NaN
87.125,NaN,NaN
87.075,NaN,NaN
87.025,NaN,NaN
86.975,NaN,NaN
86.925,NaN,NaN
86.875,NaN,NaN
86.825,NaN,NaN
86.775,NaN,NaN
86.725,NaN,NaN
86.675,NaN,NaN
86.625,NaN,NaN
86.575,NaN,NaN
86.525,NaN,NaN
86.475,NaN,NaN
86.425,NaN,NaN
86.375,NaN,NaN
86.325,NaN,NaN
86.275,NaN,NaN
86.225,NaN,NaN
86.175,NaN,NaN
86.125,NaN,NaN
86.075,NaN,NaN
86.025,NaN,NaN
85.975,NaN,NaN
85.925,NaN,NaN
85.875,NaN,NaN
85.825,NaN,NaN
85.775,NaN,NaN
85.725,NaN,NaN
85.675,NaN,NaN
85.625,NaN,NaN
85.575,NaN,NaN
85.525,NaN,NaN
85.475,NaN,NaN
85.425,NaN,NaN
85.375,NaN,NaN
85.325,NaN,NaN
85.275,NaN,NaN
85.225,NaN,NaN
85.175,NaN,NaN
85.125,NaN,NaN
85.075,NaN,NaN
85.025,NaN,NaN
84.975,NaN,NaN
84.925,NaN,NaN
84.875,NaN,NaN
84.825,NaN,NaN
84.775,NaN,NaN
84.725,NaN,NaN
84.675,NaN,NaN
84.625,NaN,NaN
84.575,NaN,NaN
84.525,NaN,NaN
84.475,NaN,NaN
84.425,NaN,NaN
84.375,NaN,NaN
84.325,NaN,NaN
84.275,NaN,NaN
84.225,NaN,NaN
84.175,NaN,NaN
84.125,NaN,NaN
84.075,NaN,NaN
84.025,NaN,NaN
83.975,NaN,NaN
83.925,NaN,NaN
83.875,NaN,NaN
83.825,NaN,NaN
83.775,NaN,NaN
83.725,NaN,NaN
83.675,NaN,NaN
83.625,0,0
83.575,0.011359,0.0082782
83.525,0.012398,0.0079938
83.475,0.0034775,0.0026637
83.425,0,0
83.375,0.0029445,0.0018617
83.325,0.004034,0.0030512
83.275,0.0020771,0.0015901
83.225,0.0037051,0.0024952
83.175,0.0022833,0.0015724
83.125,0.010269,0.0061447
83.075,0.0096465,0.0063762
83.025,0.015933,0.01218
82.975,0.015442,0.012415
82.925,0.014901,0.011849
82.875,0.014338,0.01162
82.825,0.013315,0.010749
82.775,0.012254,0.010301
82.725,0.01302,0.010872
82.675,0.010772,0.009006
82.625,0.0088303,0.0073099
82.575,0.0067896,0.005511
82.525,0.0066495,0.0055394
82.475,0.004675,0.0039396
82.425,0.0056039,0.0047127
82.375,0.0055498,0.0046471
82.325,0.0046615,0.0037962
82.275,0.0060847,0.0050544
82.225,0.014759,0.01277
82.175,0.018168,0.015954
82.125,0.022145,0.019746
82.075,0.021462,0.019216
82.025,0.020284,0.01777
81.975,0.019118,0.01649
81.925,0.019583,0.017073
81.875,0.016116,0.014136
81.825,0.015707,0.01371
81.775,0.017297,0.015265
81.725,0.016983,0.014851
81.675,0.018906,0.016508
81.625,0.013281,0.011707
81.575,0.014543,0.012734
81.525,0.011228,0.0097702
81.475,0.011033,0.0096603
81.425,0.01289,0.011309
81.375,0.010094,0.0088518
81.325,0.009117,0.0078085
81.275,0.0084506,0.0072092
81.225,0.0089789,0.0075476
81.175,0.010554,0.0089394
81.125,0.010881,0.0093051
81.075,0.010462,0.0089131
81.025,0.0088793,0.0074942
80.975,0.0097212,0.0083311
80.925,0.012118,0.01042
80.875,0.011487,0.009862
80.825,0.011855,0.01021
80.775,0.013004,0.011258
80.725,0.01416,0.012444
80.675,0.013996,0.01232
80.625,0.014544,0.012799
80.575,0.011494,0.010039
80.525,0.0075134,0.0064089
80.475,0.0076008,0.006491
80.425,0.0088109,0.0075853
80.375,0.010308,0.0090206
80.325,0.012087,0.01066
80.275,0.012283,0.010847
80.225,0.014113,0.012483
80.175,0.013388,0.011904
80.125,0.011815,0.010456
80.075,0.011428,0.01013
80.025,0.012746,0.011251
79.975,0.012538,0.01121
79.925,0.012843,0.011511
79.875,0.013102,0.01175
79.825,0.013989,0.01242
79.775,0.012674,0.011192
79.725,0.011087,0.0096074
79.675,0.010779,0.0093481
79.625,0.010327,0.009031
79.575,0.011513,0.0099939
79.525,0.012564,0.01096
79.475,0.012198,0.01061
79.425,0.011293,0.0098208
79.375,0.010662,0.0093094
79.325,0.0099434,0.0087065
79.275,0.0098823,0.0086649
79.225,0.01068,0.0093215
79.175,0.010663,0.0093509
79.125,0.011061,0.0096333
79.075,0.011378,0.0099101
79.025,0.012071,0.010503
78.975,0.010626,0.0091723
78.925,0.010141,0.0086398
78.875,0.010188,0.0086654
78.825,0.011578,0.0099877
78.775,0.011778,0.010267
78.725,0.010724,0.0093212
78.675,0.010988,0.0095503
78.625,0.01144,0.0098637
78.575,0.011317,0.0097723
78.525,0.010633,0.009177
78.475,0.010868,0.0093918
78.425,0.0115,0.0099804
78.375,0.011364,0.0098377
78.325,0.011768,0.010041
78.275,0.011909,0.010105
78.225,0.013316,0.011349
78.175,0.011548,0.0099278
78.125,0.0093677,0.0080372
78.075,0.0098931,0.0084525
78.025,0.0096307,0.0081492
77.975,0.0095697,0.008137
77.925,0.010106,0.0086761
77.875,0.010056,0.0086959
77.825,0.010191,0.0088374
77.775,0.011412,0.0099569
77.725,0.011083,0.0096822
77.675,0.012439,0.010786
77.625,0.011235,0.0097721
77.575,0.012762,0.011069
77.525,0.012572,0.010885
77.475,0.012063,0.010447
77.425,0.010814,0.0093389
77.375,0.012206,0.010578
77.325,0.01193,0.010246
77.275,0.011345,0.0097022
77.225,0.011079,0.0094979
77.175,0.0096259,0.0081624
77.125,0.0096222,0.0081414
77.075,0.0089614,0.0076031
77.025,0.010316,0.0087236
76.975,0.011063,0.0094226
76.925,0.011456,0.0097264
76.875,0.011626,0.0098878
76.825,0.01224,0.010387
76.775,0.013127,0.011175
76.725,0.016358,0.013933
76.675,0.016724,0.014226
76.625,0.019575,0.016648
76.575,0.019738,0.016828
76.525,0.020602,0.017589
76.475,0.020615,0.017599
76.425,0.021617,0.018488
76.375,0.022361,0.019109
76.325,0.023629,0.020198
76.275,0.023335,0.019926
76.225,0.025883,0.022058
76.175,0.028083,0.02398
76.125,0.029115,0.024805
76.075,0.028912,0.02464
76.025,0.028182,0.024061
75.975,0.028675,0.024477
75.925,0.03076,0.026222
75.875,0.030852,0.026318
75.825,0.032433,0.027648
75.775,0.032582,0.027816
75.725,0.03186,0.027156
75.675,0.03154,0.026881
75.625,0.032836,0.028035
75.575,0.034346,0.029312
75.525,0.035011,0.029809
75.475,0.034575,0.02942
75.425,0.035806,0.030468
75.375,0.037708,0.03206
75.325,0.039429,0.033483
75.275,0.039706,0.033717
75.225,0.041484,0.03526
75.175,0.04463,0.037947
75.125,0.04805,0.04075
75.075,0.04808,0.040776
75.025,0.050679,0.042931
74.975,0.052785,0.044496
74.925,0.053076,0.044687
74.875,0.052997,0.044628
74.825,0.050969,0.042958
74.775,0.055313,0.046585
74.725,0.058446,0.049284
74.675,0.0588,0.049611
74.625,0.057014,0.048167
74.575,0.054818,0.046207
74.525,0.060198,0.050788
74.475,0.060055,0.05067
74.425,0.063688,0.053609
74.375,0.062001,0.052175
74.325,0.065515,0.055146
74.275,0.065424,0.055067
74.225,0.069209,0.058241
74.175,0.070055,0.058993
74.125,0.069311,0.058327
74.075,0.069381,0.058404
74.025,0.066642,0.056122
73.975,0.068086,0.057336
73.925,0.06799,0.057182
73.875,0.068446,0.057591
73.825,0.07059,0.059285
73.775,0.07384,0.061928
73.725,0.080969,0.067803
73.675,0.080245,0.067172
73.625,0.084632,0.070724
73.575,0.090703,0.075622
73.525,0.09193,0.076634
73.475,0.092011,0.076651
73.425,0.092097,0.076814
73.375,0.093103,0.07767
73.325,0.093786,0.078234
73.275,0.092625,0.077249
73.225,0.094854,0.079179
73.175,0.099685,0.083219
73.125,0.10236,0.085405
73.075,0.10078,0.084093
73.025,0.10139,0.084549
72.975,0.1019,0.085009
72.925,0.10181,0.084818
72.875,0.10387,0.086611
72.825,0.1079,0.089908
72.775,0.11156,0.092971
72.725,0.11544,0.096214
72.675,0.11577,0.096429
72.625,0.11961,0.09962
72.575,0.11851,0.098759
72.525,0.1191,0.099209
72.475,0.11901,0.099105
72.425,0.1214,0.10105
72.375,0.12256,0.10194
72.325,0.12481,0.1038
72.275,0.1251,0.10405
72.225,0.12828,0.10655
72.175,0.13174,0.10928
72.125,0.13415,0.11119
72.075,0.13402,0.11108
72.025,0.13424,0.11115
71.975,0.13316,0.1101
71.925,0.13295,0.10993
71.875,0.13311,0.11008
71.825,0.1335,0.11027
71.775,0.13623,0.11253
71.725,0.14308,0.11834
71.675,0.14385,0.11894
71.625,0.14493,0.11982
71.575,0.14353,0.11876
71.525,0.14241,0.11783
71.475,0.14105,0.11674
71.425,0.13998,0.11588
71.375,0.14199,0.11737
71.325,0.14375,0.1187
71.275,0.14298,0.11811
71.225,0.1477,0.12201
71.175,0.14877,0.12287
71.125,0.15287,0.12622
71.075,0.15183,0.12541
71.025,0.15523,0.12811
70.975,0.15584,0.12847
70.925,0.1561,0.12908
70.875,0.15545,0.12848
70.825,0.16088,0.13294
70.775,0.16595,0.13673
70.725,0.17207,0.14168
70.675,0.17256,0.14196
70.625,0.17402,0.1428
70.575,0.1731,0.14184
70.525,0.17663,0.14462
70.475,0.1753,0.14342
70.425,0.17523,0.14339
70.375,0.18026,0.14776
70.325,0.18408,0.15098
70.275,0.18446,0.15137
70.225,0.18581,0.15257
70.175,0.18792,0.15435
70.125,0.18934,0.15584
70.075,0.18614,0.15324
70.025,0.18804,0.15495
69.975,0.1892,0.15611
69.925,0.19257,0.15898
69.875,0.19327,0.15959
69.825,0.19848,0.16373
69.775,0.20598,0.16985
69.725,0.21345,0.17562
69.675,0.21246,0.17477
69.625,0.21568,0.17725
69.575,0.22247,0.18274
69.525,0.22662,0.18603
69.475,0.22644,0.1859
69.425,0.22805,0.18708
69.375,0.23037,0.18896
69.325,0.23296,0.19156
69.275,0.23263,0.19122
69.225,0.24046,0.19747
69.175,0.24294,0.19925
69.125,0.24332,0.19953
69.075,0.24468,0.20073
69.025,0.24395,0.20048
68.975,0.2456,0.20237
68.925,0.24339,0.20073
68.875,0.24393,0.20144
68.825,0.24625,0.20354
68.775,0.25122,0.20757
68.725,0.25224,0.20808
68.675,0.25293,0.20848
68.625,0.25395,0.20922
68.575,0.25333,0.20879
68.525,0.25691,0.21162
68.475,0.25639,0.21116
68.425,0.26241,0.2164
68.375,0.26583,0.21924
68.325,0.26309,0.21678
68.275,0.26277,0.21661
68.225,0.26882,0.22121
68.175,0.27459,0.22564
68.125,0.27768,0.2278
68.075,0.2777,0.22791
68.025,0.28133,0.23093
67.975,0.28467,0.23343
67.925,0.28591,0.23451
67.875,0.28496,0.2336
67.825,0.28834,0.23618
67.775,0.28962,0.23684
67.725,0.29717,0.24245
67.675,0.29552,0.24109
67.625,0.2996,0.24439
67.575,0.30302,0.24718
67.525,0.30773,0.25134
67.475,0.30809,0.25175
67.425,0.30887,0.2526
67.375,0.31434,0.25719
67.325,0.31815,0.26077
67.275,0.31804,0.26078
67.225,0.32748,0.26801
67.175,0.32997,0.2695
67.125,0.33064,0.27033
67.075,0.33017,0.26982
67.025,0.33282,0.27269
66.975,0.33427,0.27411
66.925,0.33459,0.27447
66.875,0.3326,0.27287
66.825,0.33401,0.27382
66.775,0.33255,0.27235
66.725,0.33713,0.2761
66.675,0.33793,0.27686
66.625,0.33712,0.27651
66.575,0.33773,0.27711
66.525,0.33773,0.27729
66.475,0.33839,0.27782
66.425,0.33901,0.27913
66.375,0.33756,0.27799
66.325,0.33956,0.27912
66.275,0.34176,0.28101
66.225,0.3452,0.28411
66.175,0.34888,0.28708
66.125,0.3516,0.28945
66.075,0.35068,0.28869
66.025,0.35406,0.29138
65.975,0.35514,0.29205
65.925,0.36056,0.29662
65.875,0.36069,0.29672
65.825,0.36013,0.29582
65.775,0.35965,0.29574
65.725,0.35614,0.29256
65.675,0.3566,0.29284
65.625,0.35488,0.29076
65.575,0.35253,0.28835
65.525,0.36116,0.29608
65.475,0.3603,0.29531
65.425,0.36251,0.29687
65.375,0.36262,0.29683
65.325,0.35853,0.29361
65.275,0.36057,0.29538
65.225,0.36209,0.29672
65.175,0.35988,0.29501
65.125,0.36104,0.29572
65.075,0.36139,0.29608
65.025,0.36378,0.29821
64.975,0.36084,0.29603
64.925,0.36124,0.29684
64.875,0.36264,0.29787
64.825,0.36335,0.29849
64.775,0.36715,0.30137
64.725,0.37231,0.30506
64.675,0.37691,0.30874
64.625,0.38333,0.3137
64.575,0.38624,0.31666
64.525,0.39121,0.32043
64.475,0.39225,0.32126
64.425,0.39056,0.32005
64.375,0.39414,0.32293
64.325,0.39522,0.32308
64.275,0.39808,0.32549
64.225,0.41175,0.33659
64.175,0.41889,0.34203
64.125,0.42076,0.34296
64.075,0.42201,0.34413
64.025,0.4239,0.34533
63.975,0.42207,0.34264
63.925,0.42227,0.34186
63.875,0.42276,0.34222
63.825,0.42459,0.34293
63.775,0.42731,0.34432
63.725,0.42693,0.34333
63.675,0.42626,0.34282
63.625,0.427,0.342
63.575,0.42682,0.34082
63.525,0.43087,0.34339
63.475,0.43313,0.34508
63.425,0.43741,0.34862
63.375,0.44405,0.35358
63.325,0.44726,0.356
63.275,0.44785,0.35651
63.225,0.45153,0.35836
63.175,0.45385,0.3593
63.125,0.4514,0.35763
63.075,0.45355,0.35943
63.025,0.45032,0.3563
62.975,0.44875,0.35486
62.925,0.44117,0.3492
62.875,0.44024,0.34829
62.825,0.4417,0.34911
62.775,0.44335,0.35007
62.725,0.44743,0.35276
62.675,0.4467,0.35225
62.625,0.44236,0.34855
62.575,0.43752,0.34386
62.525,0.43399,0.34039
62.475,0.43644,0.34246
62.425,0.43518,0.34147
62.375,0.43184,0.33884
62.325,0.43386,0.33961
62.275,0.43482,0.34048
62.225,0.43444,0.34
62.175,0.43633,0.34185
62.125,0.44014,0.34428
62.075,0.4428,0.34651
62.025,0.44497,0.3482
61.975,0.4472,0.34948
61.925,0.45159,0.352
61.875,0.45055,0.351
61.825,0.44629,0.34781
61.775,0.44743,0.34878
61.725,0.45386,0.35312
61.675,0.45482,0.35378
61.625,0.45642,0.35435
61.575,0.45861,0.35579
61.525,0.45819,0.35471
61.475,0.45906,0.35527
61.425,0.46477,0.35943
61.375,0.46943,0.36206
61.325,0.47576,0.36682
61.275,0.47423,0.36531
61.225,0.47809,0.36771
61.175,0.48022,0.36923
61.125,0.47916,0.36785
61.075,0.48103,0.36948
61.025,0.48621,0.37319
60.975,0.49117,0.3768
60.925,0.49446,0.37963
60.875,0.49441,0.37931
60.825,0.50058,0.38412
60.775,0.4991,0.38405
60.725,0.50565,0.38941
60.675,0.50697,0.39042
60.625,0.50846,0.39132
60.575,0.50842,0.39178
60.525,0.5188,0.4001
60.475,0.51783,0.39912
60.425,0.5196,0.40107
60.375,0.52367,0.40404
60.325,0.52702,0.40709
60.275,0.52732,0.40729
60.225,0.53289,0.41238
60.175,0.53878,0.41732
60.125,0.53465,0.41378
60.075,0.53944,0.41714
60.025,0.55086,0.42479
59.975,0.54355,0.41977
59.925,0.54325,0.42046
59.875,0.54299,0.41994
59.825,0.55215,0.42698
59.775,0.56167,0.43435
59.725,0.57008,0.44126
59.675,0.57213,0.44271
59.625,0.57609,0.44616
59.575,0.5744,0.44503
59.525,0.57727,0.44802
59.475,0.57593,0.44673
59.425,0.58125,0.45052
59.375,0.57463,0.44559
59.325,0.57055,0.44194
59.275,0.57509,0.44543
59.225,0.57211,0.44248
59.175,0.58254,0.45011
59.125,0.57981,0.44764
59.075,0.58443,0.45113
59.025,0.58734,0.4523
58.975,0.59144,0.45541
58.925,0.58947,0.45371
58.875,0.58374,0.44921
58.825,0.58728,0.45108
58.775,0.59391,0.4563
58.725,0.59601,0.45758
58.675,0.59729,0.45833
58.625,0.5966,0.45722
58.575,0.59577,0.45665
58.525,0.60145,0.46109
58.475,0.60819,0.4663
58.425,0.60323,0.46331
58.375,0.6034,0.46406
58.325,0.6057,0.46612
58.275,0.61055,0.46944
58.225,0.61302,0.47183
58.175,0.61048,0.46991
58.125,0.61213,0.47072
58.075,0.61336,0.47118
58.025,0.61394,0.47135
57.975,0.61233,0.47014
57.925,0.61448,0.47215
57.875,0.61607,0.4732
57.825,0.61857,0.47501
57.775,0.61498,0.47185
57.725,0.61546,0.47173
57.675,0.61559,0.47209
57.625,0.62169,0.47682
57.575,0.62383,0.47826
57.525,0.62113,0.47649
57.475,0.62165,0.47691
57.425,0.62491,0.47869
57.375,0.62453,0.47921
57.325,0.61449,0.47234
57.275,0.61158,0.47034
57.225,0.61123,0.46863
57.175,0.61978,0.47449
57.125,0.62247,0.47679
57.075,0.6196,0.47477
57.025,0.61958,0.47465
56.975,0.61896,0.47365
56.925,0.62471,0.47776
56.875,0.62594,0.47839
56.825,0.62429,0.47762
56.775,0.62672,0.47978
56.725,0.63167,0.48359
56.675,0.62899,0.48139
56.625,0.62778,0.47905
56.575,0.63098,0.4815
56.525,0.63336,0.48416
56.475,0.63301,0.48405
56.425,0.63012,0.48164
56.375,0.62851,0.48043
56.325,0.62964,0.48171
56.275,0.63264,0.48391
56.225,0.63575,0.48614
56.175,0.63562,0.48615
56.125,0.6328,0.48366
56.075,0.63001,0.48164
56.025,0.63332,0.4842
55.975,0.63754,0.48687
55.925,0.63742,0.48603
55.875,0.63429,0.484
55.825,0.63978,0.48817
55.775,0.64194,0.48981
55.725,0.6471,0.49375
55.675,0.6487,0.49445
55.625,0.65456,0.49851
55.575,0.6564,0.49931
55.525,0.6575,0.49972
55.475,0.65672,0.49895
55.425,0.64951,0.49356
55.375,0.65433,0.49683
55.325,0.6539,0.49713
55.275,0.65344,0.49633
55.225,0.6538,0.49676
55.175,0.65513,0.49747
55.125,0.65749,0.49905
55.075,0.65323,0.49619
55.025,0.65721,0.49919
54.975,0.65914,0.49946
54.925,0.66027,0.5011
54.875,0.6594,0.50095
54.825,0.65253,0.49655
54.775,0.65222,0.49625
54.725,0.65338,0.49731
54.675,0.65175,0.49606
54.625,0.648,0.49295
54.575,0.64958,0.4937
54.525,0.65122,0.49595
54.475,0.64964,0.49542
54.425,0.65688,0.50093
54.375,0.66052,0.50329
54.325,0.66164,0.50427
54.275,0.66535,0.50686
54.225,0.66222,0.5045
54.175,0.66414,0.50641
54.125,0.66584,0.50658
54.075,0.66331,0.50479
54.025,0.66193,0.50453
53.975,0.66619,0.50764
53.925,0.66301,0.50626
53.875,0.66162,0.50534
53.825,0.66389,0.5073
53.775,0.66053,0.5044
53.725,0.6589,0.50209
53.675,0.66255,0.50494
53.625,0.66247,0.50439
53.575,0.66189,0.50352
53.525,0.66023,0.5027
53.475,0.66125,0.50325
53.425,0.65765,0.50158
53.375,0.66456,0.50679
53.325,0.66663,0.50852
53.275,0.66836,0.50998
53.225,0.66796,0.50822
53.175,0.66487,0.50603
53.125,0.66764,0.50803
53.075,0.66607,0.50699
53.025,0.6604,0.50317
52.975,0.6582,0.50189
52.925,0.66057,0.50348
52.875,0.65672,0.50064
52.825,0.66001,0.50416
52.775,0.66142,0.50507
52.725,0.66381,0.50634
52.675,0.66103,0.50456
52.625,0.66064,0.5046
52.575,0.65665,0.50168
52.525,0.65555,0.50061
52.475,0.65589,0.50069
52.425,0.65504,0.50103
52.375,0.65518,0.50174
52.325,0.65251,0.49992
52.275,0.65167,0.49981
52.225,0.65138,0.49924
52.175,0.65114,0.49861
52.125,0.64763,0.49461
52.075,0.64587,0.49313
52.025,0.64915,0.49578
51.975,0.65169,0.49721
51.925,0.64558,0.49272
51.875,0.64197,0.4904
51.825,0.64103,0.49106
51.775,0.64116,0.49117
51.725,0.64005,0.49059
51.675,0.64099,0.4916
51.625,0.64019,0.49074
51.575,0.63874,0.48922
51.525,0.63413,0.48628
51.475,0.63512,0.48744
51.425,0.6351,0.48698
51.375,0.63501,0.48807
51.325,0.64166,0.49344
51.275,0.64011,0.4927
51.225,0.6447,0.49739
51.175,0.6495,0.50084
51.125,0.64709,0.49886
51.075,0.64842,0.49988
51.025,0.65644,0.50505
50.975,0.65811,0.5063
50.925,0.65972,0.50776
50.875,0.66028,0.50802
50.825,0.66151,0.5096
50.775,0.66049,0.50921
50.725,0.66304,0.51019
50.675,0.66274,0.50963
50.625,0.6596,0.50627
50.575,0.66026,0.50714
50.525,0.65992,0.50674
50.475,0.65795,0.50539
50.425,0.65081,0.50018
50.375,0.65453,0.5032
50.325,0.64926,0.49958
50.275,0.6485,0.49863
50.225,0.6472,0.49585
50.175,0.65165,0.49785
50.125,0.65778,0.50218
50.075,0.65617,0.50102
50.025,0.65479,0.50018
49.975,0.65582,0.50128
49.925,0.65778,0.50283
49.875,0.65821,0.50372
49.825,0.65796,0.50315
49.775,0.65786,0.50339
49.725,0.66007,0.50544
49.675,0.66064,0.50621
49.625,0.66483,0.50913
49.575,0.66078,0.5059
49.525,0.66401,0.50886
49.475,0.66282,0.50806
49.425,0.66657,0.51147
49.375,0.66963,0.51382
49.325,0.66926,0.51394
49.275,0.66917,0.5137
49.225,0.66516,0.51067
49.175,0.66334,0.50878
49.125,0.66117,0.50646
49.075,0.65987,0.50505
49.025,0.66023,0.50395
48.975,0.65839,0.50199
48.925,0.65678,0.50141
48.875,0.65743,0.50235
48.825,0.65569,0.50187
48.775,0.65311,0.49937
48.725,0.64641,0.49295
48.675,0.64877,0.49442
48.625,0.6535,0.49786
48.575,0.65689,0.50065
48.525,0.65699,0.50124
48.475,0.65596,0.50064
48.425,0.65279,0.49819
48.375,0.65068,0.49642
48.325,0.64597,0.49225
48.275,0.64322,0.4901
48.225,0.64031,0.48675
48.175,0.63755,0.4842
48.125,0.63734,0.48281
48.075,0.63786,0.48284
48.025,0.64021,0.48328
47.975,0.63501,0.47928
47.925,0.62755,0.47391
47.875,0.63032,0.47528
47.825,0.62542,0.47227
47.775,0.62379,0.47136
47.725,0.62288,0.4705
47.675,0.61819,0.46728
47.625,0.61467,0.46434
47.575,0.60822,0.45927
47.525,0.59715,0.45075
47.475,0.60145,0.45345
47.425,0.60527,0.45597
47.375,0.60933,0.45896
47.325,0.6104,0.45952
47.275,0.61239,0.46032
47.225,0.60775,0.45691
47.175,0.61143,0.45869
47.125,0.60859,0.45536
47.075,0.60616,0.45364
47.025,0.6074,0.45505
46.975,0.6095,0.45683
46.925,0.60898,0.45661
46.875,0.61142,0.45852
46.825,0.61686,0.4629
46.775,0.62227,0.46666
46.725,0.63153,0.47226
46.675,0.63299,0.47306
46.625,0.63403,0.47246
46.575,0.63055,0.46828
46.525,0.62433,0.46277
46.475,0.62787,0.46496
46.425,0.62621,0.46505
46.375,0.62772,0.46606
46.325,0.63224,0.46975
46.275,0.63174,0.46929
46.225,0.63812,0.47277
46.175,0.64214,0.47544
46.125,0.63914,0.47201
46.075,0.6378,0.47092
46.025,0.63555,0.46816
45.975,0.63704,0.47001
45.925,0.62622,0.46198
45.875,0.62717,0.46263
45.825,0.63473,0.46923
45.775,0.63304,0.46851
45.725,0.63749,0.47165
45.675,0.63439,0.46901
45.625,0.62925,0.4648
45.575,0.62627,0.46258
45.525,0.62238,0.45956
45.475,0.62566,0.46141
45.425,0.62756,0.46284
45.375,0.6247,0.46227
45.325,0.61946,0.45824
45.275,0.6231,0.46004
45.225,0.62984,0.46446
45.175,0.62882,0.46312
45.125,0.62798,0.46054
45.075,0.62874,0.46082
45.025,0.61907,0.4531
44.975,0.62347,0.45553
44.925,0.62454,0.45626
44.875,0.62576,0.45784
44.825,0.63053,0.46121
44.775,0.63535,0.46565
44.725,0.64081,0.46949
44.675,0.64139,0.46969
44.625,0.63911,0.46726
44.575,0.64187,0.46931
44.525,0.64233,0.46952
44.475,0.63951,0.4676
44.425,0.6342,0.46486
44.375,0.63297,0.4639
44.325,0.6275,0.4609
44.275,0.62891,0.46254
44.225,0.63196,0.46512
44.175,0.63278,0.46663
44.125,0.62787,0.46413
44.075,0.62299,0.46028
44.025,0.62159,0.45928
43.975,0.62452,0.46168
43.925,0.61776,0.45797
43.875,0.61296,0.45513
43.825,0.6126,0.45516
43.775,0.61333,0.45585
43.725,0.61503,0.45815
43.675,0.61606,0.45901
43.625,0.61075,0.45423
43.575,0.60803,0.45194
43.525,0.61055,0.45278
43.475,0.61048,0.45187
43.425,0.61722,0.45641
43.375,0.62588,0.46434
43.325,0.63382,0.47085
43.275,0.6436,0.47876
43.225,0.64488,0.48033
43.175,0.6431,0.47926
43.125,0.64304,0.47626
43.075,0.64226,0.47494
43.025,0.6567,0.48502
42.975,0.65422,0.48267
42.925,0.63929,0.47046
42.875,0.63555,0.46777
42.825,0.63106,0.46664
42.775,0.633,0.46836
42.725,0.61936,0.46045
42.675,0.60909,0.45277
42.625,0.58987,0.43913
42.575,0.58467,0.43609
42.525,0.57533,0.42921
42.475,0.56995,0.42558
42.425,0.56517,0.42193
42.375,0.56655,0.4237
42.325,0.57009,0.42655
42.275,0.57269,0.42852
42.225,0.58116,0.43397
42.175,0.58463,0.43589
42.125,0.57749,0.43041
42.075,0.58223,0.43451
42.025,0.57699,0.42971
41.975,0.58096,0.43223
41.925,0.58702,0.43746
41.875,0.58759,0.43697
41.825,0.59784,0.44521
41.775,0.59439,0.44208
41.725,0.59937,0.44433
41.675,0.59499,0.44088
41.625,0.59116,0.43746
41.575,0.58702,0.43441
41.525,0.58592,0.43324
41.475,0.5802,0.43052
41.425,0.58472,0.43235
41.375,0.58527,0.43192
41.325,0.59516,0.43839
41.275,0.59119,0.43544
41.225,0.5829,0.42838
41.175,0.58425,0.42778
41.125,0.5864,0.42813
41.075,0.58684,0.42827
41.025,0.59521,0.43352
40.975,0.59541,0.43412
40.925,0.59943,0.43706
40.875,0.59903,0.43618
40.825,0.58548,0.42714
40.775,0.5829,0.4257
40.725,0.57136,0.41679
40.675,0.57023,0.41569
40.625,0.57054,0.41544
40.575,0.56956,0.41374
40.525,0.56254,0.40901
40.475,0.55774,0.40606
40.425,0.55523,0.40494
40.375,0.56624,0.41357
40.325,0.56035,0.41005
40.275,0.55841,0.40881
40.225,0.54792,0.40047
40.175,0.54599,0.39895
40.125,0.53926,0.39363
40.075,0.53624,0.39128
40.025,0.53172,0.38816
39.975,0.52911,0.38635
39.925,0.52603,0.38334
39.875,0.52672,0.38372
39.825,0.52024,0.38068
39.775,0.51735,0.37819
39.725,0.51773,0.37859
39.675,0.52075,0.38053
39.625,0.51815,0.37814
39.575,0.51638,0.37583
39.525,0.5091,0.36894
39.475,0.50604,0.36643
39.425,0.50845,0.36886
39.375,0.51885,0.37627
39.325,0.51428,0.37265
39.275,0.51058,0.36995
39.225,0.51365,0.3726
39.175,0.51487,0.37316
39.125,0.51092,0.36862
39.075,0.51152,0.36923
39.025,0.51163,0.36989
38.975,0.50717,0.36765
38.925,0.49888,0.36205
38.875,0.49637,0.3589
38.825,0.4954,0.35775
38.775,0.49659,0.3586
38.725,0.50142,0.36034
38.675,0.50431,0.36282
38.625,0.51119,0.36738
38.575,0.51344,0.36789
38.525,0.52391,0.3738
38.475,0.52393,0.37348
38.425,0.51788,0.3692
38.375,0.51461,0.36687
38.325,0.52036,0.37128
38.275,0.51863,0.36971
38.225,0.51927,0.3697
38.175,0.52446,0.3729
38.125,0.53122,0.37632
38.075,0.52635,0.37245
38.025,0.53027,0.37566
37.975,0.53375,0.37777
37.925,0.53301,0.37637
37.875,0.53021,0.37369
37.825,0.53321,0.37463
37.775,0.53353,0.37449
37.725,0.53827,0.37763
37.675,0.5377,0.37665
37.625,0.53211,0.37225
37.575,0.53246,0.37211
37.525,0.5389,0.37422
37.475,0.54237,0.37706
37.425,0.54617,0.37965
37.375,0.54384,0.37728
37.325,0.54885,0.38232
37.275,0.55227,0.38475
37.225,0.55585,0.38766
37.175,0.55698,0.38859
37.125,0.55625,0.38532
37.075,0.55551,0.38431
37.025,0.55183,0.37977
36.975,0.54964,0.37867
36.925,0.55227,0.38143
36.875,0.55897,0.38825
36.825,0.56283,0.39285
36.775,0.56678,0.39602
36.725,0.55317,0.38459
36.675,0.54709,0.37912
36.625,0.53934,0.37355
36.575,0.54473,0.37701
36.525,0.54216,0.37236
36.475,0.54101,0.37074
36.425,0.53551,0.36543
36.375,0.53514,0.36362
36.325,0.5378,0.36706
36.275,0.53548,0.3652
36.225,0.53302,0.36501
36.175,0.52565,0.35968
36.125,0.50952,0.34621
36.075,0.50428,0.34215
36.025,0.49607,0.33517
35.975,0.49498,0.33377
35.925,0.49262,0.33265
35.875,0.49292,0.33326
35.825,0.49388,0.33394
35.775,0.49506,0.33513
35.725,0.49559,0.33485
35.675,0.49816,0.33691
35.625,0.50135,0.3388
35.575,0.50289,0.34118
35.525,0.50848,0.34685
35.475,0.51135,0.34921
35.425,0.51417,0.3528
35.375,0.51232,0.35175
35.325,0.52142,0.3591
35.275,0.52183,0.35834
35.225,0.52546,0.35815
35.175,0.52635,0.3593
35.125,0.52123,0.35421
35.075,0.52138,0.35426
35.025,0.52029,0.35276
34.975,0.51981,0.35097
34.925,0.5149,0.34607
34.875,0.51411,0.345
34.825,0.50628,0.33906
34.775,0.50134,0.33581
34.725,0.4998,0.33362
34.675,0.49705,0.32952
34.625,0.49034,0.32346
34.575,0.486,0.3194
34.525,0.48942,0.32185
34.475,0.48788,0.31989
34.425,0.48629,0.31695
34.375,0.48722,0.31705
34.325,0.49407,0.32398
34.275,0.49429,0.32357
34.225,0.49791,0.32449
34.175,0.489,0.31828
34.125,0.48537,0.31476
34.075,0.48783,0.3163
34.025,0.48796,0.31704
33.975,0.49073,0.31651
33.925,0.48646,0.31318
33.875,0.48684,0.31174
33.825,0.48337,0.3089
33.775,0.48429,0.30932
33.725,0.4839,0.30736
33.675,0.48092,0.30527
33.625,0.48028,0.30479
33.575,0.48152,0.30595
33.525,0.4842,0.30898
33.475,0.48156,0.308
33.425,0.47627,0.30358
33.375,0.4724,0.30081
33.325,0.46822,0.29678
33.275,0.46122,0.28965
33.225,0.45283,0.28235
33.175,0.44815,0.27797
33.125,0.45435,0.2801
33.075,0.45284,0.27845
33.025,0.45131,0.27836
32.975,0.44717,0.27639
32.925,0.44578,0.27554
32.875,0.44963,0.27767
32.825,0.45587,0.28158
32.775,0.45691,0.28234
32.725,0.45626,0.28202
32.675,0.45484,0.28089
32.625,0.4403,0.26992
32.575,0.43571,0.26833
32.525,0.43167,0.26593
32.475,0.43114,0.26472
32.425,0.43169,0.26492
32.375,0.42852,0.26221
32.325,0.42546,0.25918
32.275,0.42407,0.25852
32.225,0.42295,0.25407
32.175,0.41816,0.25125
32.125,0.41637,0.24671
32.075,0.41294,0.24532
32.025,0.40748,0.24216
31.975,0.40791,0.24151
31.925,0.40793,0.24073
31.875,0.409,0.24247
31.825,0.40816,0.24278
31.775,0.40987,0.24331
31.725,0.40626,0.24106
31.675,0.40732,0.24243
31.625,0.40733,0.24396
31.575,0.40411,0.24051
31.525,0.40137,0.24062
31.475,0.40079,0.24042
31.425,0.39906,0.24263
31.375,0.39616,0.24216
31.325,0.39435,0.2417
31.275,0.39616,0.24372
31.225,0.39577,0.24292
31.175,0.39175,0.24075
31.125,0.38937,0.23842
31.075,0.38892,0.23868
31.025,0.39047,0.2397
30.975,0.3909,0.24036
30.925,0.39866,0.24557
30.875,0.39981,0.24581
30.825,0.40138,0.24656
30.775,0.40085,0.24642
30.725,0.39864,0.24487
30.675,0.39985,0.24598
30.625,0.40127,0.24574
30.575,0.39821,0.24401
30.525,0.39804,0.24366
30.475,0.39629,0.24264
30.425,0.38401,0.23445
30.375,0.37762,0.23003
30.325,0.36043,0.21919
30.275,0.35968,0.21922
30.225,0.35547,0.21771
30.175,0.35044,0.21396
30.125,0.34907,0.21387
30.075,0.34971,0.21517
30.025,0.34396,0.21318
29.975,0.34364,0.21266
29.925,0.34109,0.21049
29.875,0.34236,0.21205
29.825,0.34268,0.21154
29.775,0.3412,0.21009
29.725,0.33547,0.20478
29.675,0.33187,0.20107
29.625,0.327,0.1971
29.575,0.33132,0.19977
29.525,0.32771,0.19724
29.475,0.32868,0.1981
29.425,0.33175,0.20098
29.375,0.32773,0.19806
29.325,0.32341,0.1965
29.275,0.32323,0.19605
29.225,0.32619,0.19778
29.175,0.32105,0.19332
29.125,0.31804,0.19187
29.075,0.3175,0.19156
29.025,0.31832,0.19511
28.975,0.31891,0.19528
28.925,0.31697,0.19484
28.875,0.31908,0.19609
28.825,0.32446,0.20006
28.775,0.32995,0.20387
28.725,0.32993,0.20314
28.675,0.33289,0.20491
28.625,0.33919,0.20735
28.575,0.33875,0.20753
28.525,0.34778,0.21365
28.475,0.34358,0.2103
28.425,0.35492,0.22042
28.375,0.36068,0.22527
28.325,0.36632,0.23115
28.275,0.36433,0.22991
28.225,0.37255,0.23492
28.175,0.37405,0.23476
28.125,0.37706,0.23634
28.075,0.37508,0.23599
28.025,0.37457,0.23642
27.975,0.37107,0.2347
27.925,0.37309,0.2352
27.875,0.37084,0.23333
27.825,0.37345,0.23611
27.775,0.37822,0.23821
27.725,0.38991,0.24525
27.675,0.39093,0.24801
27.625,0.40303,0.25559
27.575,0.40786,0.26051
27.525,0.41592,0.26476
27.475,0.41778,0.26528
27.425,0.42903,0.27464
27.375,0.42981,0.27684
27.325,0.43695,0.28152
27.275,0.4398,0.28457
27.225,0.44489,0.2868
27.175,0.44813,0.28654
27.125,0.44899,0.28447
27.075,0.44389,0.28031
27.025,0.44463,0.28041
26.975,0.44105,0.27966
26.925,0.44514,0.28205
26.875,0.44198,0.27902
26.825,0.4426,0.27926
26.775,0.44052,0.27613
26.725,0.44161,0.27266
26.675,0.44199,0.27228
26.625,0.43415,0.26709
26.575,0.42922,0.26347
26.525,0.42621,0.26119
26.475,0.42343,0.25955
26.425,0.42386,0.26087
26.375,0.42782,0.26302
26.325,0.43688,0.26798
26.275,0.4329,0.26607
26.225,0.42824,0.26429
26.175,0.4285,0.26426
26.125,0.43461,0.26699
26.075,0.44066,0.27011
26.025,0.4452,0.27406
25.975,0.4449,0.27511
25.925,0.44572,0.27769
25.875,0.44728,0.27938
25.825,0.45456,0.28419
25.775,0.45403,0.28409
25.725,0.46207,0.28969
25.675,0.46245,0.29018
25.625,0.46609,0.29477
25.575,0.47019,0.29762
25.525,0.47565,0.30161
25.475,0.47358,0.30093
25.425,0.47744,0.30311
25.375,0.47776,0.30368
25.325,0.47458,0.30218
25.275,0.49067,0.31204
25.225,0.50065,0.31724
25.175,0.49976,0.31614
25.125,0.49278,0.31386
25.075,0.49277,0.31378
25.025,0.49613,0.31563
24.975,0.49155,0.31268
24.925,0.49149,0.31454
24.875,0.49302,0.3161
24.825,0.49349,0.31652
24.775,0.49721,0.31938
24.725,0.49835,0.32022
24.675,0.50085,0.32167
24.625,0.50811,0.32551
24.575,0.50739,0.32482
24.525,0.50361,0.3224
24.475,0.50478,0.32287
24.425,0.50259,0.3219
24.375,0.50289,0.32296
24.325,0.50195,0.32395
24.275,0.50362,0.32465
24.225,0.50372,0.32553
24.175,0.50762,0.32873
24.125,0.51285,0.3329
24.075,0.51534,0.33469
24.025,0.51695,0.33487
23.975,0.51641,0.33482
23.925,0.51942,0.33675
23.875,0.52177,0.33799
23.825,0.52642,0.34184
23.775,0.52345,0.34003
23.725,0.52788,0.34317
23.675,0.53269,0.34516
23.625,0.52726,0.34173
23.575,0.52734,0.34169
23.525,0.5276,0.34267
23.475,0.52123,0.33863
23.425,0.52069,0.33836
23.375,0.52081,0.33925
23.325,0.52204,0.33986
23.275,0.52045,0.338
23.225,0.51936,0.33602
23.175,0.52203,0.33752
23.125,0.52069,0.33474
23.075,0.52206,0.33531
23.025,0.52545,0.33769
22.975,0.52691,0.33852
22.925,0.52851,0.33794
22.875,0.53496,0.34223
22.825,0.52732,0.33752
22.775,0.52169,0.33358
22.725,0.52879,0.33469
22.675,0.52181,0.33015
22.625,0.50771,0.32174
22.575,0.50498,0.31986
22.525,0.50982,0.32231
22.475,0.50719,0.32103
22.425,0.51429,0.32609
22.375,0.52332,0.33162
22.325,0.5246,0.33373
22.275,0.52353,0.33415
22.225,0.52244,0.33222
22.175,0.51677,0.32861
22.125,0.51285,0.32313
22.075,0.513,0.32308
22.025,0.50548,0.31956
21.975,0.5118,0.32274
21.925,0.51741,0.32422
21.875,0.50561,0.31743
21.825,0.4979,0.31266
21.775,0.49828,0.31304
21.725,0.49065,0.31032
21.675,0.49569,0.31333
21.625,0.49163,0.31129
21.575,0.47987,0.30449
21.525,0.48373,0.30533
21.475,0.48205,0.30529
21.425,0.47907,0.30101
21.375,0.48409,0.30245
21.325,0.48606,0.30515
21.275,0.48859,0.30716
21.225,0.49377,0.30913
21.175,0.50654,0.31797
21.125,0.51328,0.32089
21.075,0.51392,0.32
21.025,0.51266,0.31814
20.975,0.5147,0.31979
20.925,0.51264,0.3189
20.875,0.51707,0.32165
20.825,0.52555,0.32716
20.775,0.52701,0.32723
20.725,0.51075,0.31916
20.675,0.50714,0.31796
20.625,0.51371,0.32166
20.575,0.51387,0.32159
20.525,0.5249,0.32724
20.475,0.52967,0.32993
20.425,0.53382,0.33133
20.375,0.53702,0.33368
20.325,0.53505,0.33273
20.275,0.53183,0.33001
20.225,0.54086,0.33832
20.175,0.54602,0.34157
20.125,0.56238,0.35169
20.075,0.56095,0.3523
20.025,0.55978,0.35227
19.975,0.55079,0.34672
19.925,0.54483,0.34467
19.875,0.55005,0.34818
19.825,0.54853,0.35081
19.775,0.5534,0.35256
19.725,0.56368,0.35779
19.675,0.55295,0.35069
19.625,0.5492,0.34451
19.575,0.55308,0.3469
19.525,0.55759,0.35084
19.475,0.55511,0.34998
19.425,0.55649,0.35112
19.375,0.55027,0.34681
19.325,0.56054,0.35168
19.275,0.57368,0.35981
19.225,0.56769,0.35484
19.175,0.56376,0.35144
19.125,0.56259,0.34897
19.075,0.56935,0.35074
19.025,0.57224,0.35142
18.975,0.57725,0.35255
18.925,0.57916,0.35082
18.875,0.57702,0.3477
18.825,0.57436,0.34753
18.775,0.56322,0.34096
18.725,0.56152,0.33882
18.675,0.56009,0.3356
18.625,0.56485,0.33557
18.575,0.57225,0.33955
18.525,0.57993,0.34409
18.475,0.59847,0.35268
18.425,0.62445,0.36195
18.375,0.6108,0.35436
18.325,0.62228,0.36128
18.275,0.62017,0.35958
18.225,0.61782,0.35635
18.175,0.60975,0.35233
18.125,0.60994,0.35387
18.075,0.60374,0.35419
18.025,0.57683,0.33904
17.975,0.566,0.33367
17.925,0.54538,0.31984
17.875,0.53666,0.31462
17.825,0.53029,0.31071
17.775,0.53365,0.31479
17.725,0.53603,0.31654
17.675,0.5319,0.31298
17.625,0.5322,0.3146
17.575,0.53378,0.31484
17.525,0.54105,0.32037
17.475,0.53758,0.31879
17.425,0.54779,0.32449
17.375,0.55166,0.32644
17.325,0.56044,0.33227
17.275,0.55704,0.32946
17.225,0.56562,0.34067
17.175,0.5671,0.34384
17.125,0.56076,0.34106
17.075,0.55755,0.339
17.025,0.55135,0.33354
16.975,0.54921,0.33132
16.925,0.54861,0.3278
16.875,0.54685,0.32636
16.825,0.54303,0.32324
16.775,0.53593,0.31681
16.725,0.52397,0.30887
16.675,0.51601,0.30337
16.625,0.50753,0.29557
16.575,0.50237,0.2924
16.525,0.49459,0.2841
16.475,0.4981,0.28461
16.425,0.50112,0.28659
16.375,0.50328,0.2862
16.325,0.50429,0.28367
16.275,0.50035,0.27989
16.225,0.50071,0.27753
16.175,0.49538,0.27376
16.125,0.48192,0.26508
16.075,0.46898,0.25632
16.025,0.45496,0.24722
15.975,0.45757,0.24702
15.925,0.46413,0.24989
15.875,0.48762,0.26331
15.825,0.50626,0.27198
15.775,0.5361,0.28951
15.725,0.5422,0.29696
15.675,0.53803,0.29547
15.625,0.54786,0.30338
15.575,0.54947,0.30501
15.525,0.54144,0.30238
15.475,0.54325,0.30322
15.425,0.5463,0.30459
15.375,0.54982,0.3063
15.325,0.54262,0.30064
15.275,0.54871,0.30611
15.225,0.54253,0.30462
15.175,0.54411,0.30632
15.125,0.55444,0.31079
15.075,0.56109,0.31342
15.025,0.57016,0.31389
14.975,0.57152,0.31423
14.925,0.56473,0.30801
14.875,0.56217,0.30719
14.825,0.56076,0.30404
14.775,0.57037,0.30731
14.725,0.57448,0.30548
14.675,0.57876,0.30746
14.625,0.58048,0.30934
14.575,0.5863,0.31076
14.525,0.59906,0.31488
14.475,0.60679,0.3184
14.425,0.6208,0.32167
14.375,0.62249,0.31993
14.325,0.63424,0.31936
14.275,0.63745,0.32162
14.225,0.65411,0.32407
14.175,0.65341,0.32106
14.125,0.65079,0.31522
14.075,0.64216,0.30851
14.025,0.64437,0.30625
13.975,0.64404,0.30349
13.925,0.65044,0.30905
13.875,0.64394,0.30414
13.825,0.62934,0.2925
13.775,0.63002,0.28913
13.725,0.61261,0.27047
13.675,0.60923,0.2652
13.625,0.60175,0.25797
13.575,0.59449,0.25466
13.525,0.5996,0.25564
13.475,0.60911,0.26068
13.425,0.60516,0.25768
13.375,0.60622,0.25821
13.325,0.61199,0.25819
13.275,0.62794,0.26562
13.225,0.62672,0.26035
13.175,0.62641,0.26249
13.125,0.60851,0.25442
13.075,0.61319,0.25694
13.025,0.61559,0.25802
12.975,0.61356,0.25745
12.925,0.60989,0.25253
12.875,0.617,0.25558
12.825,0.6226,0.25703
12.775,0.63038,0.26137
12.725,0.64072,0.26689
12.675,0.64934,0.27138
12.625,0.64937,0.27615
12.575,0.65311,0.27762
12.525,0.67027,0.28265
12.475,0.68679,0.29082
12.425,0.68344,0.2868
12.375,0.68482,0.28887
12.325,0.68144,0.28695
12.275,0.68628,0.29116
12.225,0.71173,0.30805
12.175,0.71613,0.31131
12.125,0.7201,0.31554
12.075,0.7223,0.31431
12.025,0.6939,0.29573
11.975,0.68656,0.29442
11.925,0.69965,0.29353
11.875,0.6984,0.29502
11.825,0.70906,0.30329
11.775,0.71056,0.30404
11.725,0.70069,0.30053
11.675,0.70128,0.29769
11.625,0.69824,0.29499
11.575,0.7019,0.29606
11.525,0.71187,0.29869
11.475,0.72848,0.30787
11.425,0.72972,0.30832
11.375,0.73733,0.31121
11.325,0.74905,0.31954
11.275,0.75498,0.32281
11.225,0.75517,0.32882
11.175,0.76502,0.33531
11.125,0.7485,0.3291
11.075,0.74895,0.32988
11.025,0.76202,0.33853
10.975,0.77009,0.34249
10.925,0.77033,0.33817
10.875,0.76707,0.33511
10.825,0.77661,0.33882
10.775,0.78307,0.34424
10.725,0.81513,0.36429
10.675,0.81481,0.36888
10.625,0.81855,0.37274
10.575,0.8231,0.37719
10.525,0.82125,0.37453
10.475,0.8215,0.37443
10.425,0.84573,0.38737
10.375,0.84833,0.38838
10.325,0.82971,0.37882
10.275,0.83749,0.38527
10.225,0.85214,0.39589
10.175,0.85385,0.3986
10.125,0.86342,0.40625
10.075,0.85811,0.40448
10.025,0.86138,0.40392
9.975,0.86428,0.40233
9.925,0.85523,0.39703
9.875,0.86466,0.40278
9.825,0.88001,0.41367
9.775,0.88944,0.42209
9.725,0.89225,0.43011
9.675,0.89098,0.43074
9.625,0.89151,0.43138
9.575,0.88709,0.43002
9.525,0.8999,0.44029
9.475,0.88889,0.43568
9.425,0.92312,0.45338
9.375,0.92504,0.45598
9.325,0.93527,0.46188
9.275,0.94311,0.46742
9.225,0.94805,0.46942
9.175,0.95706,0.47409
9.125,0.95625,0.47543
9.075,0.95405,0.47476
9.025,0.95608,0.47399
8.975,0.96193,0.47471
8.925,0.97892,0.48312
8.875,0.98985,0.48791
8.825,1.0069,0.4973
8.775,1.02,0.5059
8.725,1.0227,0.51096
8.675,1.0223,0.51152
8.625,1.0369,0.51756
8.575,1.0454,0.52132
8.525,1.0905,0.54603
8.475,1.0996,0.55116
8.425,1.1216,0.56348
8.375,1.121,0.56595
8.325,1.119,0.56979
8.275,1.1222,0.57534
8.225,1.1271,0.5821
8.175,1.1383,0.58961
8.125,1.1526,0.59669
8.075,1.1612,0.60058
8.025,1.1625,0.59757
7.975,1.1714,0.60323
7.925,1.1807,0.6078
7.875,1.1856,0.61131
7.825,1.1966,0.61855
7.775,1.1972,0.6235
7.725,1.2034,0.63184
7.675,1.2039,0.63733
7.625,1.1992,0.64212
7.575,1.2097,0.64731
7.525,1.2177,0.65066
7.475,1.211,0.64871
7.425,1.212,0.64449
7.375,1.226,0.65072
7.325,1.2546,0.67145
7.275,1.2607,0.67752
7.225,1.2604,0.68002
7.175,1.2611,0.68394
7.125,1.2736,0.69269
7.075,1.2738,0.69076
7.025,1.2897,0.69663
6.975,1.2916,0.69901
6.925,1.2962,0.7017
6.875,1.2922,0.70029
6.825,1.3023,0.7094
6.775,1.3035,0.71319
6.725,1.3139,0.72374
6.675,1.3228,0.73072
6.625,1.3389,0.73582
6.575,1.3372,0.73339
6.525,1.348,0.74139
6.475,1.343,0.74127
6.425,1.3438,0.74316
6.375,1.3503,0.74664
6.325,1.3353,0.74318
6.275,1.351,0.75458
6.225,1.3567,0.75944
6.175,1.3514,0.76024
6.125,1.3416,0.75982
6.075,1.3299,0.75609
6.025,1.3239,0.75611
5.975,1.3281,0.75799
5.925,1.3573,0.77474
5.875,1.3754,0.78711
5.825,1.3968,0.80251
5.775,1.3959,0.80161
5.725,1.4034,0.80313
5.675,1.4085,0.80486
5.625,1.4253,0.81301
5.575,1.4286,0.81806
5.525,1.4424,0.82719
5.475,1.4488,0.8311
5.425,1.4542,0.83635
5.375,1.4656,0.84442
5.325,1.4709,0.85125
5.275,1.4718,0.85388
5.225,1.4608,0.85205
5.175,1.4547,0.84961
5.125,1.4491,0.84582
5.075,1.4433,0.84347
5.025,1.4328,0.83806
4.975,1.4516,0.84893
4.925,1.4301,0.83341
4.875,1.4373,0.83888
4.825,1.4527,0.85026
4.775,1.4633,0.85699
4.725,1.4793,0.86923
4.675,1.48,0.87086
4.625,1.4875,0.87659
4.575,1.486,0.87439
4.525,1.507,0.88243
4.475,1.523,0.89095
4.425,1.5434,0.90089
4.375,1.5631,0.91161
4.325,1.5777,0.91982
4.275,1.5946,0.93108
4.225,1.6147,0.94613
4.175,1.6268,0.95304
4.125,1.6091,0.94464
4.075,1.6217,0.95015
4.025,1.6083,0.94257
3.975,1.6164,0.9467
3.925,1.6187,0.94649
3.875,1.6158,0.94881
3.825,1.6226,0.95592
3.775,1.6216,0.95957
3.725,1.6356,0.96948
3.675,1.6442,0.97696
3.625,1.6719,0.99317
3.575,1.6774,0.99931
3.525,1.6747,0.99381
3.475,1.6866,1.0013
3.425,1.7199,1.0199
3.375,1.7106,1.0164
3.325,1.7185,1.024
3.275,1.7294,1.0321
3.225,1.7559,1.0521
3.175,1.763,1.0574
3.125,1.7627,1.0602
3.075,1.7568,1.0577
3.025,1.7519,1.0513
2.975,1.7466,1.0496
2.925,1.7506,1.0483
2.875,1.7545,1.0497
2.825,1.7819,1.0653
2.775,1.7949,1.0758
2.725,1.8129,1.0906
2.675,1.8083,1.09
2.625,1.8203,1.0959
2.575,1.8178,1.0966
2.525,1.8311,1.1032
2.475,1.8277,1.1046
2.425,1.8262,1.1044
2.375,1.8327,1.1077
2.325,1.8513,1.1135
2.275,1.8471,1.1128
2.225,1.8542,1.1201
2.175,1.8274,1.1055
2.125,1.8244,1.1074
2.075,1.8379,1.1122
2.025,1.8318,1.1121
1.975,1.8257,1.1084
1.925,1.8246,1.1095
1.875,1.8275,1.109
1.825,1.8348,1.1127
1.775,1.8331,1.1121
1.725,1.8277,1.1075
1.675,1.8173,1.0993
1.625,1.8357,1.1089
1.575,1.8254,1.1027
1.525,1.8442,1.1117
1.475,1.8417,1.1095
1.425,1.8563,1.1165
1.375,1.8542,1.1168
1.325,1.8672,1.1292
1.275,1.8754,1.1332
1.225,1.8779,1.1329
1.175,1.8794,1.1311
1.125,1.8818,1.1318
1.075,1.8906,1.1352
1.025,1.8977,1.1388
0.975,1.8993,1.1403
0.925,1.9323,1.157
0.875,1.9366,1.1598
0.825,1.9769,1.1787
0.775,1.9547,1.1665
0.725,1.9501,1.1694
0.675,1.9502,1.1685
0.625,1.922,1.1534
0.575,1.9133,1.1452
0.525,1.9045,1.135
0.475,1.8943,1.1311
0.425,1.8595,1.1109
0.375,1.8674,1.1161
0.325,1.8816,1.1273
0.275,1.8974,1.1416
0.225,1.904,1.1461
0.175,1.8845,1.1327
0.125,1.881,1.1351
0.075,1.8706,1.132
0.025,1.8473,1.1193
-0.025,1.845,1.1177
-0.075,1.8484,1.1191
-0.125,1.8465,1.1166
-0.175,1.8372,1.1104
-0.225,1.8258,1.1052
-0.275,1.8206,1.1022
-0.325,1.8208,1.1038
-0.375,1.8223,1.1046
-0.425,1.8397,1.1141
-0.475,1.8547,1.1209
-0.525,1.8581,1.1218
-0.575,1.8418,1.1123
-0.625,1.8604,1.1249
-0.675,1.8712,1.1319
-0.725,1.8773,1.1343
-0.775,1.8906,1.1393
-0.825,1.9012,1.1452
-0.875,1.8998,1.1432
-0.925,1.9065,1.1487
-0.975,1.92,1.1559
-1.025,1.9165,1.1537
-1.075,1.9303,1.159
-1.125,1.931,1.1558
-1.175,1.918,1.1481
-1.225,1.9075,1.1413
-1.275,1.903,1.1365
-1.325,1.8939,1.1299
-1.375,1.9,1.1337
-1.425,1.8983,1.1294
-1.475,1.8576,1.102
-1.525,1.8543,1.1008
-1.575,1.8691,1.1073
-1.625,1.8653,1.1038
-1.675,1.8419,1.0894
-1.725,1.8325,1.0852
-1.775,1.8001,1.0677
-1.825,1.8115,1.0744
-1.875,1.8046,1.0675
-1.925,1.8089,1.0686
-1.975,1.7848,1.0546
-2.025,1.7842,1.0541
-2.075,1.7822,1.0528
-2.125,1.7684,1.0453
-2.175,1.7797,1.053
-2.225,1.7771,1.055
-2.275,1.7839,1.0572
-2.325,1.8022,1.0691
-2.375,1.7799,1.0553
-2.425,1.7937,1.0652
-2.475,1.8022,1.0707
-2.525,1.802,1.073
-2.575,1.7842,1.0602
-2.625,1.7891,1.0649
-2.675,1.7957,1.069
-2.725,1.8092,1.0787
-2.775,1.8233,1.0918
-2.825,1.8329,1.0966
-2.875,1.8468,1.1049
-2.925,1.8377,1.1024
-2.975,1.8393,1.1044
-3.025,1.8402,1.1041
-3.075,1.844,1.1048
-3.125,1.8597,1.1168
-3.175,1.8547,1.1147
-3.225,1.8567,1.1163
-3.275,1.8521,1.1177
-3.325,1.8322,1.1059
-3.375,1.8309,1.1039
-3.425,1.8387,1.109
-3.475,1.8392,1.1099
-3.525,1.8394,1.1083
-3.575,1.854,1.1207
-3.625,1.8515,1.1193
-3.675,1.8589,1.1271
-3.725,1.8395,1.1191
-3.775,1.8085,1.1035
-3.825,1.8009,1.0991
-3.875,1.788,1.092
-3.925,1.8049,1.1006
-3.975,1.8127,1.1042
-4.025,1.8134,1.104
-4.075,1.8121,1.1023
-4.125,1.7973,1.0936
-4.175,1.7917,1.0946
-4.225,1.7962,1.0959
-4.275,1.8055,1.1028
-4.325,1.8149,1.1082
-4.375,1.8327,1.1169
-4.425,1.8379,1.1207
-4.475,1.8237,1.1119
-4.525,1.8067,1.1013
-4.575,1.8214,1.1127
-4.625,1.8185,1.1128
-4.675,1.8357,1.1257
-4.725,1.8446,1.1309
-4.775,1.8335,1.1291
-4.825,1.8356,1.1329
-4.875,1.8462,1.1436
-4.925,1.8407,1.1417
-4.975,1.8325,1.1372
-5.025,1.8297,1.1352
-5.075,1.8234,1.1307
-5.125,1.8262,1.1337
-5.175,1.8341,1.1401
-5.225,1.8308,1.1379
-5.275,1.8141,1.1281
-5.325,1.8138,1.1275
-5.375,1.8066,1.1265
-5.425,1.7947,1.1201
-5.475,1.8023,1.119
-5.525,1.8025,1.1177
-5.575,1.7936,1.1161
-5.625,1.7905,1.1174
-5.675,1.7895,1.1221
-5.725,1.7903,1.1241
-5.775,1.7779,1.1182
-5.825,1.7815,1.1223
-5.875,1.7821,1.1261
-5.925,1.781,1.125
-5.975,1.7718,1.1182
-6.025,1.7519,1.1065
-6.075,1.7519,1.1075
-6.125,1.7582,1.1123
-6.175,1.772,1.1227
-6.225,1.7818,1.1291
-6.275,1.7464,1.1082
-6.325,1.7236,1.0936
-6.375,1.7413,1.1046
-6.425,1.742,1.1034
-6.475,1.7424,1.1032
-6.525,1.7383,1.1009
-6.575,1.7427,1.1017
-6.625,1.7487,1.1041
-6.675,1.7563,1.1095
-6.725,1.7565,1.1119
-6.775,1.7375,1.1022
-6.825,1.7321,1.0976
-6.875,1.729,1.0922
-6.925,1.7496,1.102
-6.975,1.7594,1.1055
-7.025,1.7722,1.1133
-7.075,1.7788,1.1186
-7.125,1.7746,1.1155
-7.175,1.781,1.1233
-7.225,1.7849,1.1247
-7.275,1.8071,1.1413
-7.325,1.8077,1.1437
-7.375,1.7948,1.134
-7.425,1.8032,1.1395
-7.475,1.791,1.1328
-7.525,1.7843,1.1281
-7.575,1.7927,1.133
-7.625,1.7923,1.1324
-7.675,1.7776,1.1263
-7.725,1.782,1.1302
-7.775,1.7791,1.1284
-7.825,1.7872,1.1324
-7.875,1.801,1.1416
-7.925,1.7971,1.1367
-7.975,1.7939,1.1344
-8.025,1.7939,1.1362
-8.075,1.7696,1.122
-8.125,1.7695,1.1215
-8.175,1.7588,1.1111
-8.225,1.7598,1.1111
-8.275,1.7426,1.0978
-8.325,1.7374,1.0939
-8.375,1.7391,1.0938
-8.425,1.7411,1.095
-8.475,1.7608,1.1058
-8.525,1.7519,1.0978
-8.575,1.7396,1.0913
-8.625,1.7702,1.1113
-8.675,1.7862,1.1215
-8.725,1.786,1.1232
-8.775,1.7799,1.1265
-8.825,1.7817,1.1302
-8.875,1.7882,1.1375
-8.925,1.7742,1.1309
-8.975,1.7829,1.1372
-9.025,1.7743,1.1316
-9.075,1.7806,1.1329
-9.125,1.7683,1.1265
-9.175,1.7837,1.1352
-9.225,1.784,1.135
-9.275,1.7797,1.1334
-9.325,1.7763,1.1327
-9.375,1.7491,1.1162
-9.425,1.7599,1.1202
-9.475,1.7739,1.1267
-9.525,1.7757,1.1279
-9.575,1.7694,1.1202
-9.625,1.7753,1.1266
-9.675,1.7479,1.1103
-9.725,1.7497,1.1136
-9.775,1.7337,1.1119
-9.825,1.7368,1.1138
-9.875,1.7415,1.1184
-9.925,1.742,1.1168
-9.975,1.7515,1.1252
-10.025,1.7499,1.1237
-10.075,1.7377,1.1188
-10.125,1.7406,1.1206
-10.175,1.7413,1.1242
-10.225,1.7463,1.1263
-10.275,1.7374,1.1273
-10.325,1.7352,1.1282
-10.375,1.7256,1.1269
-10.425,1.7253,1.1244
-10.475,1.7385,1.1293
-10.525,1.7344,1.126
-10.575,1.7239,1.121
-10.625,1.7357,1.1293
-10.675,1.7319,1.1251
-10.725,1.7228,1.1231
-10.775,1.7261,1.1259
-10.825,1.7137,1.1169
-10.875,1.7025,1.112
-10.925,1.7016,1.1106
-10.975,1.7052,1.1108
-11.025,1.71,1.1151
-11.075,1.6988,1.1078
-11.125,1.6964,1.1074
-11.175,1.6878,1.1049
-11.225,1.6946,1.107
-11.275,1.6906,1.103
-11.325,1.6799,1.0942
-11.375,1.686,1.0979
-11.425,1.6953,1.1019
-11.475,1.6672,1.0871
-11.525,1.6619,1.0846
-11.575,1.6657,1.0824
-11.625,1.6743,1.0851
-11.675,1.6572,1.0773
-11.725,1.6623,1.0834
-11.775,1.6746,1.0882
-11.825,1.6751,1.0879
-11.875,1.6689,1.0842
-11.925,1.6582,1.0777
-11.975,1.6585,1.0769
-12.025,1.6512,1.0719
-12.075,1.6312,1.0648
-12.125,1.6425,1.0727
-12.175,1.6379,1.0706
-12.225,1.6202,1.0592
-12.275,1.6123,1.0515
-12.325,1.6251,1.059
-12.375,1.612,1.0502
-12.425,1.6104,1.0492
-12.475,1.6079,1.0486
-12.525,1.5861,1.0349
-12.575,1.5926,1.0388
-12.625,1.588,1.0396
-12.675,1.5788,1.0349
-12.725,1.5692,1.0326
-12.775,1.5567,1.0246
-12.825,1.5446,1.0158
-12.875,1.5309,1.0084
-12.925,1.5235,1.0061
-12.975,1.4899,0.98618
-13.025,1.481,0.98382
-13.075,1.4659,0.97632
-13.125,1.4595,0.97101
-13.175,1.4553,0.96702
-13.225,1.4547,0.96399
-13.275,1.4273,0.95165
-13.325,1.4181,0.94759
-13.375,1.4126,0.94436
-13.425,1.415,0.94748
-13.475,1.4218,0.94876
-13.525,1.4279,0.94976
-13.575,1.4295,0.9516
-13.625,1.434,0.95206
-13.675,1.4339,0.95234
-13.725,1.4272,0.94558
-13.775,1.4067,0.93053
-13.825,1.3912,0.92022
-13.875,1.3974,0.92081
-13.925,1.3935,0.92055
-13.975,1.392,0.91869
-14.025,1.3843,0.91118
-14.075,1.3619,0.90056
-14.125,1.3438,0.89136
-14.175,1.3316,0.88529
-14.225,1.3424,0.89184
-14.275,1.3403,0.88613
-14.325,1.3336,0.88035
-14.375,1.3296,0.87401
-14.425,1.3158,0.8666
-14.475,1.3125,0.86308
-14.525,1.3106,0.8609
-14.575,1.3012,0.8554
-14.625,1.2943,0.85146
-14.675,1.2876,0.84537
-14.725,1.2857,0.84462
-14.775,1.2892,0.84381
-14.825,1.2914,0.84455
-14.875,1.2997,0.84418
-14.925,1.299,0.84411
-14.975,1.3049,0.84492
-15.025,1.31,0.84879
-15.075,1.3161,0.8549
-15.125,1.3172,0.8544
-15.175,1.3101,0.85069
-15.225,1.309,0.84808
-15.275,1.297,0.8371
-15.325,1.2919,0.83289
-15.375,1.2756,0.82084
-15.425,1.2694,0.81378
-15.475,1.2486,0.79985
-15.525,1.2418,0.79473
-15.575,1.2323,0.78715
-15.625,1.2287,0.78636
-15.675,1.1989,0.76872
-15.725,1.1949,0.76491
-15.775,1.1845,0.75716
-15.825,1.1799,0.75282
-15.875,1.1853,0.75156
-15.925,1.1802,0.74763
-15.975,1.1752,0.74518
-16.025,1.1686,0.74021
-16.075,1.1814,0.74918
-16.125,1.1682,0.74229
-16.175,1.1688,0.74133
-16.225,1.1791,0.7478
-16.275,1.1802,0.74679
-16.325,1.1783,0.74346
-16.375,1.1603,0.73211
-16.425,1.1636,0.73193
-16.475,1.1658,0.72938
-16.525,1.1512,0.72072
-16.575,1.1409,0.71549
-16.625,1.1336,0.71133
-16.675,1.1267,0.70442
-16.725,1.1185,0.69943
-16.775,1.1189,0.69699
-16.825,1.0977,0.68406
-16.875,1.0746,0.67123
-16.925,1.0669,0.6658
-16.975,1.0528,0.65558
-17.025,1.0557,0.65824
-17.075,1.0427,0.65093
-17.125,1.0416,0.64992
-17.175,1.0361,0.64893
-17.225,1.0302,0.64399
-17.275,1.0268,0.64431
-17.325,1.0239,0.64165
-17.375,1.0151,0.63273
-17.425,1.0149,0.63186
-17.475,1.0098,0.62747
-17.525,1.0142,0.6292
-17.575,1.0285,0.63946
-17.625,1.0272,0.63847
-17.675,1.024,0.63942
-17.725,1.0177,0.63651
-17.775,1.0156,0.6325
-17.825,1.0135,0.63238
-17.875,1.0099,0.63087
-17.925,1.0119,0.63233
-17.975,1.0013,0.62511
-18.025,0.9944,0.62007
-18.075,0.97973,0.61201
-18.125,0.98092,0.6138
-18.175,0.97062,0.60977
-18.225,0.95867,0.60194
-18.275,0.94614,0.59361
-18.325,0.9409,0.58846
-18.375,0.94997,0.59505
-18.425,0.95132,0.59575
-18.475,0.945,0.58781
-18.525,0.94147,0.58561
-18.575,0.94669,0.58835
-18.625,0.949,0.58827
-18.675,0.93859,0.58123
-18.725,0.93476,0.57964
-18.775,0.92287,0.57586
-18.825,0.92027,0.57391
-18.875,0.9172,0.56965
-18.925,0.91865,0.56725
-18.975,0.92099,0.56884
-19.025,0.92103,0.56849
-19.075,0.90331,0.55461
-19.125,0.90537,0.55647
-19.175,0.88692,0.54515
-19.225,0.88833,0.54598
-19.275,0.88013,0.54114
-19.325,0.87991,0.54147
-19.375,0.87647,0.53703
-19.425,0.87512,0.53645
-19.475,0.88034,0.54166
-19.525,0.87504,0.53867
-19.575,0.87449,0.53937
-19.625,0.86303,0.53244
-19.675,0.85895,0.5314
-19.725,0.85716,0.52791
-19.775,0.84171,0.51806
-19.825,0.83291,0.51049
-19.875,0.82289,0.50433
-19.925,0.82155,0.50281
-19.975,0.82805,0.50776
-20.025,0.82512,0.50576
-20.075,0.82511,0.50587
-20.125,0.8165,0.50055
-20.175,0.8239,0.50643
-20.225,0.81981,0.5032
-20.275,0.81829,0.50198
-20.325,0.82073,0.50291
-20.375,0.81089,0.4957
-20.425,0.81311,0.49758
-20.475,0.8151,0.49959
-20.525,0.80842,0.49516
-20.575,0.80433,0.49159
-20.625,0.80022,0.48832
-20.675,0.78348,0.47725
-20.725,0.78274,0.47678
-20.775,0.78346,0.4767
-20.825,0.77451,0.47114
-20.875,0.77355,0.46688
-20.925,0.77876,0.4708
-20.975,0.7877,0.47642
-21.025,0.78174,0.47253
-21.075,0.77853,0.47152
-21.125,0.77184,0.46779
-21.175,0.76217,0.46224
-21.225,0.76018,0.46004
-21.275,0.74916,0.45436
-21.325,0.74835,0.45295
-21.375,0.75042,0.45285
-21.425,0.74456,0.44745
-21.475,0.74034,0.44652
-21.525,0.74003,0.44606
-21.575,0.74862,0.45029
-21.625,0.75173,0.45246
-21.675,0.73389,0.43959
-21.725,0.73013,0.43681
-21.775,0.72847,0.435
-21.825,0.73033,0.4376
-21.875,0.72434,0.43566
-21.925,0.72009,0.4324
-21.975,0.71979,0.43276
-22.025,0.7256,0.43508
-22.075,0.73639,0.44331
-22.125,0.73934,0.44426
-22.175,0.73727,0.44319
-22.225,0.73239,0.43907
-22.275,0.73208,0.43917
-22.325,0.72843,0.4378
-22.375,0.73345,0.43897
-22.425,0.73483,0.43976
-22.475,0.7372,0.44192
-22.525,0.73392,0.44007
-22.575,0.73371,0.44133
-22.625,0.73549,0.44328
-22.675,0.73271,0.4407
-22.725,0.73,0.4394
-22.775,0.73849,0.44626
-22.825,0.73756,0.44669
-22.875,0.72429,0.43568
-22.925,0.7136,0.42988
-22.975,0.69929,0.41796
-23.025,0.68989,0.41182
-23.075,0.67038,0.39761
-23.125,0.66629,0.39426
-23.175,0.66655,0.39563
-23.225,0.66511,0.39537
-23.275,0.67397,0.40242
-23.325,0.67132,0.40126
-23.375,0.66444,0.39775
-23.425,0.65359,0.38987
-23.475,0.64838,0.38519
-23.525,0.64835,0.38493
-23.575,0.64926,0.38693
-23.625,0.65548,0.3911
-23.675,0.67494,0.40602
-23.725,0.67996,0.41094
-23.775,0.68868,0.41818
-23.825,0.69376,0.42256
-23.875,0.68942,0.42025
-23.925,0.68635,0.41879
-23.975,0.68564,0.42081
-24.025,0.68205,0.41897
-24.075,0.68417,0.41976
-24.125,0.69384,0.42685
-24.175,0.70257,0.43502
-24.225,0.70089,0.4351
-24.275,0.69849,0.43416
-24.325,0.70117,0.4358
-24.375,0.70605,0.43898
-24.425,0.70722,0.43995
-24.475,0.70161,0.43595
-24.525,0.6954,0.43247
-24.575,0.70122,0.43746
-24.625,0.69808,0.43658
-24.675,0.69646,0.43884
-24.725,0.69708,0.44022
-24.775,0.7116,0.45248
-24.825,0.71535,0.45644
-24.875,0.71036,0.4539
-24.925,0.71342,0.45652
-24.975,0.70799,0.4544
-25.025,0.71128,0.45643
-25.075,0.7082,0.4534
-25.125,0.70792,0.45371
-25.175,0.70962,0.45536
-25.225,0.70776,0.45394
-25.275,0.70004,0.45015
-25.325,0.69067,0.44513
-25.375,0.66771,0.42916
-25.425,0.66652,0.42772
-25.475,0.65824,0.42094
-25.525,0.66731,0.42832
-25.575,0.66461,0.42737
-25.625,0.66592,0.42665
-25.675,0.65962,0.42273
-25.725,0.65963,0.4233
-25.775,0.66246,0.42795
-25.825,0.66407,0.43059
-25.875,0.66952,0.43662
-25.925,0.66866,0.43559
-25.975,0.67211,0.43753
-26.025,0.67124,0.43608
-26.075,0.67182,0.43623
-26.125,0.67407,0.43864
-26.175,0.67516,0.43996
-26.225,0.67116,0.43821
-26.275,0.6716,0.44009
-26.325,0.67097,0.4402
-26.375,0.67797,0.44685
-26.425,0.68062,0.44857
-26.475,0.68158,0.44943
-26.525,0.68628,0.45272
-26.575,0.67804,0.44622
-26.625,0.67782,0.44647
-26.675,0.68304,0.44991
-26.725,0.68094,0.44863
-26.775,0.68577,0.45116
-26.825,0.67985,0.44744
-26.875,0.66885,0.44026
-26.925,0.67038,0.44019
-26.975,0.67389,0.44259
-27.025,0.67453,0.44439
-27.075,0.67018,0.44307
-27.125,0.67193,0.445
-27.175,0.66638,0.44065
-27.225,0.66169,0.4371
-27.275,0.64034,0.42534
-27.325,0.64479,0.42782
-27.375,0.63969,0.42506
-27.425,0.64959,0.43349
-27.475,0.64563,0.43279
-27.525,0.64132,0.42997
-27.575,0.64595,0.43428
-27.625,0.64509,0.43433
-27.675,0.63815,0.43016
-27.725,0.6345,0.42841
-27.775,0.62553,0.42434
-27.825,0.62655,0.42539
-27.875,0.61675,0.42012
-27.925,0.61637,0.41996
-27.975,0.6103,0.41579
-28.025,0.61367,0.41901
-28.075,0.61355,0.41806
-28.125,0.60971,0.41567
-28.175,0.61468,0.41961
-28.225,0.61953,0.42346
-28.275,0.61588,0.42227
-28.325,0.61263,0.41982
-28.375,0.61628,0.42184
-28.425,0.61867,0.42394
-28.475,0.62133,0.42567
-28.525,0.62716,0.4294
-28.575,0.62115,0.4254
-28.625,0.6263,0.42926
-28.675,0.62454,0.428
-28.725,0.63347,0.43426
-28.775,0.63328,0.4354
-28.825,0.6345,0.43669
-28.875,0.63614,0.43735
-28.925,0.63186,0.43402
-28.975,0.62222,0.42753
-29.025,0.63076,0.4332
-29.075,0.62194,0.42701
-29.125,0.62566,0.42942
-29.175,0.63275,0.4353
-29.225,0.64695,0.44715
-29.275,0.65154,0.45089
-29.325,0.6552,0.45425
-29.375,0.64727,0.44809
-29.425,0.64986,0.45022
-29.475,0.64767,0.44975
-29.525,0.64629,0.449
-29.575,0.64874,0.44933
-29.625,0.63975,0.44285
-29.675,0.62235,0.43326
-29.725,0.61533,0.42941
-29.775,0.61693,0.4322
-29.825,0.62326,0.43765
-29.875,0.62238,0.43798
-29.925,0.61435,0.43324
-29.975,0.61584,0.43395
-30.025,0.61067,0.43114
-30.075,0.61765,0.43506
-30.125,0.62186,0.43758
-30.175,0.62682,0.44115
-30.225,0.62704,0.44217
-30.275,0.62332,0.43995
-30.325,0.62794,0.44423
-30.375,0.62975,0.44791
-30.425,0.63182,0.45042
-30.475,0.62348,0.44507
-30.525,0.63128,0.45083
-30.575,0.63454,0.45457
-30.625,0.63383,0.45459
-30.675,0.63154,0.45431
-30.725,0.63193,0.45514
-30.775,0.64106,0.46463
-30.825,0.64458,0.46871
-30.875,0.65239,0.47509
-30.925,0.65396,0.47553
-30.975,0.65367,0.47625
-31.025,0.66079,0.4813
-31.075,0.66341,0.48353
-31.125,0.66576,0.48559
-31.175,0.67087,0.4889
-31.225,0.67111,0.49136
-31.275,0.68024,0.49862
-31.325,0.67877,0.49856
-31.375,0.68191,0.50289
-31.425,0.68082,0.50221
-31.475,0.68601,0.50614
-31.525,0.68401,0.5047
-31.575,0.69548,0.513
-31.625,0.67924,0.5002
-31.675,0.68287,0.50392
-31.725,0.68671,0.50618
-31.775,0.69372,0.51167
-31.825,0.70221,0.51816
-31.875,0.69907,0.51681
-31.925,0.69848,0.51583
-31.975,0.70082,0.51754
-32.025,0.70288,0.51917
-32.075,0.71856,0.52998
-32.125,0.7204,0.53166
-32.175,0.72953,0.54068
-32.225,0.73921,0.54903
-32.275,0.73619,0.54772
-32.325,0.73478,0.5466
-32.375,0.73718,0.54995
-32.425,0.7459,0.55644
-32.475,0.73829,0.55157
-32.525,0.73558,0.54905
-32.575,0.74432,0.55693
-32.625,0.75546,0.56573
-32.675,0.76368,0.57286
-32.725,0.77465,0.58222
-32.775,0.7832,0.58876
-32.825,0.77842,0.58628
-32.875,0.78345,0.59101
-32.925,0.78387,0.59099
-32.975,0.76667,0.57813
-33.025,0.77176,0.58095
-33.075,0.77605,0.58637
-33.125,0.78475,0.59384
-33.175,0.8018,0.60569
-33.225,0.8031,0.60709
-33.275,0.81489,0.61763
-33.325,0.82721,0.62777
-33.375,0.85133,0.64696
-33.425,0.84735,0.64413
-33.475,0.83826,0.63815
-33.525,0.84021,0.64109
-33.575,0.85697,0.65504
-33.625,0.87622,0.67016
-33.675,0.89489,0.68713
-33.725,0.9015,0.69416
-33.775,0.92826,0.72035
-33.825,0.94263,0.73555
-33.875,0.96684,0.75533
-33.925,0.99186,0.77263
-33.975,1.012,0.78657
-34.025,0.9939,0.77056
-34.075,0.97377,0.75204
-34.125,0.95124,0.73333
-34.175,0.96137,0.74317
-34.225,0.95418,0.73722
-34.275,0.96656,0.7512
-34.325,0.97929,0.76451
-34.375,0.99314,0.77635
-34.425,0.99776,0.77925
-34.475,0.96005,0.74464
-34.525,0.9627,0.74616
-34.575,0.96001,0.7406
-34.625,0.97893,0.75703
-34.675,0.98026,0.7613
-34.725,0.99046,0.76985
-34.775,1.0041,0.7844
-34.825,1.0217,0.79915
-34.875,0.99581,0.77459
-34.925,0.98325,0.76133
-34.975,0.98497,0.76106
-35.025,0.99536,0.77116
-35.075,0.96227,0.74018
-35.125,0.95951,0.73819
-35.175,0.98924,0.76073
-35.225,1.0108,0.7784
-35.275,1.0141,0.78119
-35.325,1.0183,0.78522
-35.375,1.0396,0.80228
-35.425,1.0522,0.81279
-35.475,1.0558,0.8142
-35.525,1.0623,0.81997
-35.575,1.0585,0.81919
-35.625,1.0491,0.81151
-35.675,1.0327,0.80242
-35.725,1.0242,0.79548
-35.775,1.0288,0.80315
-35.825,1.0439,0.81603
-35.875,1.023,0.8013
-35.925,1.0263,0.80489
-35.975,0.99829,0.78043
-36.025,0.99295,0.7762
-36.075,0.97618,0.75846
-36.125,0.9814,0.76294
-36.175,0.99221,0.77313
-36.225,1.0051,0.7846
-36.275,1.0125,0.79098
-36.325,1.0171,0.79416
-36.375,1.0041,0.78575
-36.425,1.0098,0.79207
-36.475,1.0235,0.80338
-36.525,1.0319,0.81201
-36.575,1.0524,0.82891
-36.625,1.0789,0.85078
-36.675,1.0866,0.85929
-36.725,1.0882,0.86224
-36.775,1.1217,0.89615
-36.825,1.1173,0.89502
-36.875,1.1292,0.90461
-36.925,1.1253,0.90141
-36.975,1.1388,0.91283
-37.025,1.139,0.91302
-37.075,1.186,0.95082
-37.125,1.1823,0.94848
-37.175,1.2343,0.99154
-37.225,1.2684,1.0208
-37.275,1.3325,1.071
-37.325,1.3293,1.0702
-37.375,1.3343,1.0775
-37.425,1.3286,1.0726
-37.475,1.3022,1.0477
-37.525,1.3024,1.0471
-37.575,1.3129,1.0559
-37.625,1.3274,1.0663
-37.675,1.3261,1.0648
-37.725,1.3237,1.0629
-37.775,1.3119,1.0554
-37.825,1.2344,0.99023
-37.875,1.1814,0.94517
-37.925,1.1783,0.94225
-37.975,1.186,0.94803
-38.025,1.1679,0.93347
-38.075,1.1447,0.91277
-38.125,1.152,0.91854
-38.175,1.1523,0.92148
-38.225,1.1686,0.9362
-38.275,1.1797,0.9511
-38.325,1.1862,0.95633
-38.375,1.1988,0.96477
-38.425,1.2011,0.96553
-38.475,1.1741,0.93901
-38.525,1.1931,0.95272
-38.575,1.1762,0.9384
-38.625,1.1379,0.91353
-38.675,1.0628,0.86208
-38.725,1.0446,0.84791
-38.775,1.0331,0.83755
-38.825,1.0373,0.84153
-38.875,1.0232,0.83422
-38.925,1.028,0.83652
-38.975,0.97634,0.7935
-39.025,0.98647,0.80627
-39.075,0.98089,0.80174
-39.125,0.98864,0.80687
-39.175,0.94688,0.76749
-39.225,0.93307,0.75749
-39.275,0.89663,0.72769
-39.325,0.91557,0.74099
-39.375,0.9244,0.75217
-39.425,0.91046,0.73762
-39.475,0.90852,0.73363
-39.525,0.89205,0.7223
-39.575,0.86387,0.69643
-39.625,0.85832,0.69439
-39.675,0.8944,0.72727
-39.725,0.9054,0.73778
-39.775,0.92497,0.75257
-39.825,0.92843,0.75644
-39.875,0.89741,0.72689
-39.925,0.90666,0.73378
-39.975,0.89752,0.72391
-40.025,0.89339,0.71915
-40.075,0.8751,0.7045
-40.125,0.87008,0.70236
-40.175,0.82981,0.67199
-40.225,0.81855,0.65877
-40.275,0.76737,0.62222
-40.325,0.78566,0.63824
-40.375,0.78638,0.63949
-40.425,0.82693,0.67451
-40.475,0.83049,0.6763
-40.525,0.8133,0.66219
-40.575,0.81516,0.66191
-40.625,0.80052,0.64695
-40.675,0.86335,0.70023
-40.725,0.871,0.70671
-40.775,0.91856,0.75387
-40.825,0.99793,0.81957
-40.875,1.0345,0.85461
-40.925,1.0432,0.86199
-40.975,1.0989,0.91413
-41.025,1.1733,0.97906
-41.075,1.2153,1.0143
-41.125,1.2097,1.0119
-41.175,1.2728,1.0651
-41.225,1.2978,1.0885
-41.275,1.3066,1.0949
-41.325,1.307,1.0958
-41.375,1.2624,1.0644
-41.425,1.2078,1.0229
-41.475,1.1343,0.96355
-41.525,1.1153,0.9473
-41.575,1.081,0.91696
-41.625,1.0279,0.87666
-41.675,1.0159,0.86997
-41.725,1.0005,0.85517
-41.775,0.93903,0.80267
-41.825,0.91048,0.77641
-41.875,0.88085,0.75567
-41.925,0.8836,0.75657
-41.975,0.82236,0.70561
-42.025,0.81405,0.69543
-42.075,0.78954,0.6777
-42.125,0.79008,0.67715
-42.175,0.80806,0.69104
-42.225,0.85972,0.73221
-42.275,0.84715,0.71739
-42.325,0.83096,0.70403
-42.375,0.82629,0.69903
-42.425,0.82198,0.69827
-42.475,0.87993,0.74279
-42.525,0.86865,0.73447
-42.575,0.85281,0.72107
-42.625,0.85251,0.71638
-42.675,0.82886,0.70035
-42.725,0.82308,0.69256
-42.775,0.79738,0.67094
-42.825,0.78767,0.66691
-42.875,0.78781,0.66665
-42.925,0.78501,0.6637
-42.975,0.83467,0.7032
-43.025,0.8321,0.69915
-43.075,0.82983,0.69761
-43.125,0.82301,0.69249
-43.175,0.80756,0.67888
-43.225,0.77009,0.64565
-43.275,0.73408,0.61049
-43.325,0.73534,0.61039
-43.375,0.71957,0.5974
-43.425,0.67147,0.55979
-43.475,0.63586,0.53026
-43.525,0.63534,0.52944
-43.575,0.59626,0.48853
-43.625,0.63693,0.5162
-43.675,0.62154,0.50554
-43.725,0.62259,0.5054
-43.775,0.64231,0.528
-43.825,0.67334,0.55651
-43.875,0.66108,0.54351
-43.925,0.65514,0.53653
-43.975,0.6658,0.54051
-44.025,0.68645,0.55996
-44.075,0.65937,0.53645
-44.125,0.68589,0.5571
-44.175,0.65665,0.53399
-44.225,0.62038,0.50539
-44.275,0.59779,0.49071
-44.325,0.59983,0.49285
-44.375,0.57589,0.47324
-44.425,0.55965,0.46215
-44.475,0.56035,0.46349
-44.525,0.56872,0.46983
-44.575,0.54979,0.45579
-44.625,0.59782,0.49132
-44.675,0.61745,0.50644
-44.725,0.58471,0.48004
-44.775,0.55942,0.45974
-44.825,0.5686,0.46512
-44.875,0.58594,0.47859
-44.925,0.58608,0.47816
-44.975,0.61088,0.49846
-45.025,0.61114,0.5009
-45.075,0.58305,0.48044
-45.125,0.58695,0.48232
-45.175,0.59205,0.48804
-45.225,0.58241,0.48104
-45.275,0.57531,0.47325
-45.325,0.57367,0.47282
-45.375,0.54522,0.44951
-45.425,0.5756,0.47378
-45.475,0.64572,0.5269
-45.525,0.63877,0.52293
-45.575,0.6351,0.51934
-45.625,0.6573,0.53465
-45.675,0.68809,0.55244
-45.725,0.6742,0.54152
-45.775,0.66306,0.53064
-45.825,0.70715,0.56192
-45.875,0.70699,0.55641
-45.925,0.70136,0.55272
-45.975,0.66895,0.52624
-46.025,0.66465,0.51746
-46.075,0.65576,0.50867
-46.125,0.66165,0.51393
-46.175,0.67553,0.52186
-46.225,0.63495,0.48802
-46.275,0.59353,0.45371
-46.325,0.5955,0.45431
-46.375,0.55162,0.42586
-46.425,0.5373,0.42245
-46.475,0.52302,0.41586
-46.525,0.55301,0.43909
-46.575,0.54319,0.43592
-46.625,0.48562,0.39004
-46.675,0.40965,0.33568
-46.725,0.43499,0.35531
-46.775,0.39745,0.32503
-46.825,0.35619,0.29511
-46.875,0.32988,0.27368
-46.925,0.30892,0.25587
-46.975,0.29524,0.24615
-47.025,0.32652,0.27195
-47.075,0.32574,0.27154
-47.125,0.3389,0.28231
-47.175,0.29303,0.24521
-47.225,0.27184,0.22707
-47.275,0.24659,0.20667
-47.325,0.25031,0.20974
-47.375,0.21905,0.18416
-47.425,0.23088,0.19364
-47.475,0.23519,0.19744
-47.525,0.2325,0.19352
-47.575,0.23532,0.1947
-47.625,0.23399,0.19416
-47.675,0.26253,0.21711
-47.725,0.27486,0.22635
-47.775,0.2732,0.22457
-47.825,0.26592,0.21876
-47.875,0.26483,0.21848
-47.925,0.26814,0.2223
-47.975,0.26376,0.21871
-48.025,0.29398,0.24362
-48.075,0.26929,0.22364
-48.125,0.25687,0.21334
-48.175,0.2487,0.20682
-48.225,0.24726,0.20585
-48.275,0.2373,0.1965
-48.325,0.23787,0.19667
-48.375,0.22414,0.18579
-48.425,0.22837,0.18978
-48.475,0.21389,0.1781
-48.525,0.20085,0.16807
-48.575,0.19648,0.16408
-48.625,0.1969,0.16449
-48.675,0.20284,0.16927
-48.725,0.20351,0.1704
-48.775,0.19676,0.16468
-48.825,0.19793,0.16646
-48.875,0.19583,0.16497
-48.925,0.19966,0.16844
-48.975,0.20357,0.17144
-49.025,0.20718,0.17496
-49.075,0.1974,0.16658
-49.125,0.18708,0.15786
-49.175,0.18524,0.15655
-49.225,0.19221,0.16238
-49.275,0.1816,0.15279
-49.325,0.18297,0.15381
-49.375,0.19109,0.16127
-49.425,0.18667,0.15681
-49.475,0.18173,0.15375
-49.525,0.17711,0.14985
-49.575,0.17126,0.14402
-49.625,0.17242,0.1446
-49.675,0.18712,0.15654
-49.725,0.19463,0.16284
-49.775,0.1952,0.16445
-49.825,0.19118,0.16101
-49.875,0.19187,0.16216
-49.925,0.1916,0.16163
-49.975,0.17993,0.15234
-50.025,0.20478,0.17251
-50.075,0.20621,0.17332
-50.125,0.20543,0.17234
-50.175,0.18689,0.15598
-50.225,0.16732,0.13914
-50.275,0.18739,0.15663
-50.325,0.20032,0.16721
-50.375,0.2072,0.17391
-50.425,0.22456,0.18774
-50.475,0.24319,0.2043
-50.525,0.24287,0.20292
-50.575,0.24438,0.20373
-50.625,0.23331,0.19475
-50.675,0.23352,0.19482
-50.725,0.24268,0.20373
-50.775,0.25712,0.21739
-50.825,0.27958,0.2364
-50.875,0.26459,0.22245
-50.925,0.26637,0.22431
-50.975,0.23393,0.19656
-51.025,0.25704,0.2175
-51.075,0.26425,0.2225
-51.125,0.28207,0.23826
-51.175,0.29366,0.24843
-51.225,0.30912,0.26144
-51.275,0.38563,0.32574
-51.325,0.40356,0.34025
-51.375,0.40334,0.34228
-51.425,0.42625,0.3619
-51.475,0.42793,0.3636
-51.525,0.4413,0.37409
-51.575,0.4448,0.37779
-51.625,0.43848,0.37159
-51.675,0.436,0.371
-51.725,0.46187,0.39236
-51.775,0.46424,0.39445
-51.825,0.43726,0.37091
-51.875,0.40313,0.34207
-51.925,0.42676,0.36163
-51.975,0.46488,0.39422
-52.025,0.45121,0.38419
-52.075,0.45068,0.38254
-52.125,0.46377,0.39562
-52.175,0.45577,0.38728
-52.225,0.45565,0.38738
-52.275,0.43032,0.3656
-52.325,0.4113,0.34721
-52.375,0.40034,0.33629
-52.425,0.42556,0.35789
-52.475,0.4369,0.36345
-52.525,0.43404,0.36136
-52.575,0.38525,0.31972
-52.625,0.34642,0.28922
-52.675,0.4109,0.34017
-52.725,0.40733,0.33682
-52.775,0.41923,0.35121
-52.825,0.38333,0.32144
-52.875,0.38385,0.32201
-52.925,0.37028,0.3087
-52.975,0.32929,0.27531
-53.025,0.31381,0.26157
-53.075,0.33205,0.2766
-53.125,0.34666,0.28868
-53.175,0.36025,0.30132
-53.225,0.38975,0.32533
-53.275,0.4095,0.34205
-53.325,0.40801,0.34024
-53.375,0.41215,0.34421
-53.425,0.38735,0.32286
-53.475,0.3833,0.32129
-53.525,0.37879,0.31744
-53.575,0.39218,0.32701
-53.625,0.38998,0.32622
-53.675,0.42156,0.35023
-53.725,0.42766,0.35668
-53.775,0.38092,0.31803
-53.825,0.39332,0.3271
-53.875,0.3841,0.32108
-53.925,0.38874,0.32556
-53.975,0.39632,0.33357
-54.025,0.35528,0.299
-54.075,0.37864,0.31918
-54.125,0.36976,0.31169
-54.175,0.35338,0.29788
-54.225,0.36012,0.30441
-54.275,0.34252,0.28649
-54.325,0.32916,0.27554
-54.375,0.30592,0.25747
-54.425,0.27891,0.23655
-54.475,0.27821,0.23769
-54.525,0.26047,0.2244
-54.575,0.27981,0.24063
-54.625,0.30097,0.25882
-54.675,0.31681,0.2683
-54.725,0.32937,0.28051
-54.775,0.33769,0.28945
-54.825,0.40394,0.34441
-54.875,0.39041,0.32996
-54.925,0.41969,0.35567
-54.975,0.33961,0.28739
-55.025,0.30445,0.2566
-55.075,0.27876,0.23667
-55.125,0.30483,0.25869
-55.175,0.39007,0.32756
-55.225,0.39763,0.33343
-55.275,0.38336,0.3256
-55.325,0.33348,0.28447
-55.375,0.30181,0.25804
-55.425,0.32492,0.27982
-55.475,0.34951,0.2972
-55.525,0.41303,0.35031
-55.575,0.42532,0.3595
-55.625,0.45796,0.38612
-55.675,0.49449,0.41964
-55.725,0.43109,0.36914
-55.775,0.42355,0.36012
-55.825,0.48446,0.40523
-55.875,0.42877,0.3599
-55.925,0.38647,0.31984
-55.975,0.32003,0.27714
-56.025,NaN,NaN
-56.075,NaN,NaN
-56.125,NaN,NaN
-56.175,NaN,NaN
-56.225,NaN,NaN
-56.275,NaN,NaN
-56.325,NaN,NaN
-56.375,NaN,NaN
-56.425,NaN,NaN
-56.475,NaN,NaN
-56.525,NaN,NaN
-56.575,NaN,NaN
-56.625,NaN,NaN
-56.675,NaN,NaN
-56.725,2.0905e-05,-1.0452e-05
-56.775,NaN,NaN
-56.825,NaN,NaN
-56.875,NaN,NaN
-56.925,NaN,NaN
-56.975,NaN,NaN
-57.025,NaN,NaN
-57.075,NaN,NaN
-57.125,NaN,NaN
-57.175,NaN,NaN
-57.225,NaN,NaN
-57.275,NaN,NaN
-57.325,NaN,NaN
-57.375,NaN,NaN
-57.425,NaN,NaN
-57.475,NaN,NaN
-57.525,NaN,NaN
-57.575,NaN,NaN
-57.625,NaN,NaN
-57.675,NaN,NaN
-57.725,NaN,NaN
-57.775,NaN,NaN
-57.825,NaN,NaN
-57.875,NaN,NaN
-57.925,NaN,NaN
-57.975,NaN,NaN
-58.025,NaN,NaN
-58.075,NaN,NaN
-58.125,NaN,NaN
-58.175,NaN,NaN
-58.225,NaN,NaN
-58.275,NaN,NaN
-58.325,NaN,NaN
-58.375,NaN,NaN
-58.425,NaN,NaN
-58.475,NaN,NaN
-58.525,NaN,NaN
-58.575,NaN,NaN
-58.625,NaN,NaN
-58.675,NaN,NaN
-58.725,NaN,NaN
-58.775,NaN,NaN
-58.825,NaN,NaN
-58.875,NaN,NaN
-58.925,NaN,NaN
-58.975,5.2262e-06,0
-59.025,0,-5.2262e-06
-59.075,NaN,NaN
-59.125,NaN,NaN
-59.175,NaN,NaN
-59.225,NaN,NaN
-59.275,NaN,NaN
-59.325,NaN,NaN
-59.375,NaN,NaN
-59.425,NaN,NaN
-59.475,NaN,NaN
-59.525,NaN,NaN
-59.575,NaN,NaN
-59.625,NaN,NaN
-59.675,NaN,NaN
-59.725,NaN,NaN
-59.775,NaN,NaN
-59.825,NaN,NaN
-59.875,NaN,NaN
-59.925,NaN,NaN
-59.975,NaN,NaN
-60.025,NaN,NaN
-60.075,NaN,NaN
-60.125,NaN,NaN
-60.175,NaN,NaN
-60.225,NaN,NaN
-60.275,NaN,NaN
-60.325,NaN,NaN
-60.375,NaN,NaN
-60.425,NaN,NaN
-60.475,NaN,NaN
-60.525,NaN,NaN
-60.575,NaN,NaN
-60.625,NaN,NaN
-60.675,NaN,NaN
-60.725,NaN,NaN
-60.775,NaN,NaN
-60.825,NaN,NaN
-60.875,NaN,NaN
-60.925,NaN,NaN
-60.975,NaN,NaN
-61.025,NaN,NaN
-61.075,NaN,NaN
-61.125,NaN,NaN
-61.175,NaN,NaN
-61.225,NaN,NaN
-61.275,NaN,NaN
-61.325,NaN,NaN
-61.375,NaN,NaN
-61.425,NaN,NaN
-61.475,NaN,NaN
-61.525,NaN,NaN
-61.575,NaN,NaN
-61.625,NaN,NaN
-61.675,NaN,NaN
-61.725,NaN,NaN
-61.775,NaN,NaN
-61.825,NaN,NaN
-61.875,NaN,NaN
-61.925,NaN,NaN
-61.975,NaN,NaN
-62.025,NaN,NaN
-62.075,NaN,NaN
-62.125,NaN,NaN
-62.175,NaN,NaN
-62.225,NaN,NaN
-62.275,NaN,NaN
-62.325,NaN,NaN
-62.375,NaN,NaN
-62.425,NaN,NaN
-62.475,NaN,NaN
-62.525,NaN,NaN
-62.575,NaN,NaN
-62.625,NaN,NaN
-62.675,NaN,NaN
-62.725,NaN,NaN
-62.775,NaN,NaN
-62.825,NaN,NaN
-62.875,NaN,NaN
-62.925,NaN,NaN
-62.975,NaN,NaN
-63.025,NaN,NaN
-63.075,NaN,NaN
-63.125,NaN,NaN
-63.175,NaN,NaN
-63.225,NaN,NaN
-63.275,NaN,NaN
-63.325,NaN,NaN
-63.375,NaN,NaN
-63.425,NaN,NaN
-63.475,NaN,NaN
-63.525,NaN,NaN
-63.575,NaN,NaN
-63.625,0,0
-63.675,0,0
-63.725,0,0
-63.775,0,0
-63.825,0,0
-63.875,0,0
-63.925,0,0
-63.975,0,0
-64.025,0,0
-64.075,0,0
-64.125,0,0
-64.175,0,0
-64.225,0,0
-64.275,0,0
-64.325,0,0
-64.375,0,0
-64.425,0,0
-64.475,0,0
-64.525,0,0
-64.575,0,0
-64.625,0,0
-64.675,0,0
-64.725,0,0
-64.775,0,0
-64.825,0,0
-64.875,0,0
-64.925,0,0
-64.975,0,0
-65.025,0,0
-65.075,0,0
-65.125,0,0
-65.175,0,0
-65.225,0,0
-65.275,0,0
-65.325,0,0
-65.375,0,0
-65.425,0,0
-65.475,0,0
-65.525,0,0
-65.575,0,0
-65.625,0,0
-65.675,0,0
-65.725,0,0
-65.775,0,0
-65.825,0,0
-65.875,0,0
-65.925,0,0
-65.975,0,0
-66.025,0,0
-66.075,0,0
-66.125,0,0
-66.175,0,0
-66.225,0,0
-66.275,0,0
-66.325,0,0
-66.375,0,0
-66.425,0,0
-66.475,0,0
-66.525,0,0
-66.575,0,0
-66.625,0,0
-66.675,0,0
-66.725,0,0
-66.775,0,0
-66.825,0,0
-66.875,0,0
-66.925,0,0
-66.975,0,0
-67.025,0,0
-67.075,0,0
-67.125,0,0
-67.175,0,0
-67.225,0,0
-67.275,0,0
-67.325,0,0
-67.375,0,0
-67.425,0,0
-67.475,0,0
-67.525,0,0
-67.575,0,0
-67.625,0,0
-67.675,0,0
-67.725,0,0
-67.775,0,0
-67.825,0,0
-67.875,0,0
-67.925,0,0
-67.975,0,0
-68.025,0,0
-68.075,0,0
-68.125,0,0
-68.175,0,0
-68.225,0,0
-68.275,0,0
-68.325,0,0
-68.375,0,0
-68.425,0,0
-68.475,0,0
-68.525,0,0
-68.575,0,0
-68.625,0,0
-68.675,0,0
-68.725,0,0
-68.775,0,0
-68.825,0,0
-68.875,0,0
-68.925,0,0
-68.975,0,0
-69.025,0,0
-69.075,0,0
-69.125,0,0
-69.175,0,0
-69.225,0,0
-69.275,0,0
-69.325,0,0
-69.375,0,0
-69.425,0,0
-69.475,0,0
-69.525,0,0
-69.575,0,0
-69.625,0,0
-69.675,0,0
-69.725,0,0
-69.775,0,0
-69.825,0,0
-69.875,0,0
-69.925,0,0
-69.975,0,0
-70.025,0,0
-70.075,0,0
-70.125,0,0
-70.175,0,0
-70.225,0,0
-70.275,0,0
-70.325,0,0
-70.375,0,0
-70.425,0,0
-70.475,0,0
-70.525,0,0
-70.575,0,0
-70.625,0,0
-70.675,0,0
-70.725,0,0
-70.775,0,0
-70.825,0,0
-70.875,0,0
-70.925,0,0
-70.975,0,0
-71.025,0,0
-71.075,0,0
-71.125,0,0
-71.175,0,0
-71.225,0,0
-71.275,0,0
-71.325,0,0
-71.375,0,0
-71.425,0,0
-71.475,0,0
-71.525,0,0
-71.575,0,0
-71.625,0,0
-71.675,0,0
-71.725,0,0
-71.775,0,0
-71.825,0,0
-71.875,0,0
-71.925,0,0
-71.975,0,0
-72.025,0,0
-72.075,0,0
-72.125,0,0
-72.175,0,0
-72.225,0,0
-72.275,0,0
-72.325,0,0
-72.375,0,0
-72.425,0,0
-72.475,0,0
-72.525,0,0
-72.575,0,0
-72.625,0,0
-72.675,0,0
-72.725,0,0
-72.775,0,0
-72.825,0,0
-72.875,0,0
-72.925,0,0
-72.975,0,0
-73.025,0,0
-73.075,0,0
-73.125,0,0
-73.175,0,0
-73.225,0,0
-73.275,0,0
-73.325,0,0
-73.375,0,0
-73.425,0,0
-73.475,0,0
-73.525,0,0
-73.575,0,0
-73.625,0,0
-73.675,0,0
-73.725,0,0
-73.775,0,0
-73.825,0,0
-73.875,0,0
-73.925,0,0
-73.975,0,0
-74.025,0,0
-74.075,0,0
-74.125,0,0
-74.175,0,0
-74.225,0,0
-74.275,0,0
-74.325,0,0
-74.375,0,0
-74.425,0,0
-74.475,0,0
-74.525,0,0
-74.575,0,0
-74.625,0,0
-74.675,0,0
-74.725,0,0
-74.775,0,0
-74.825,0,0
-74.875,0,0
-74.925,0,0
-74.975,0,0
-75.025,0,0
-75.075,0,0
-75.125,0,0
-75.175,0,0
-75.225,0,0
-75.275,0,0
-75.325,0,0
-75.375,0,0
-75.425,0,0
-75.475,0,0
-75.525,0,0
-75.575,0,0
-75.625,0,0
-75.675,0,0
-75.725,0,0
-75.775,0,0
-75.825,0,0
-75.875,0,0
-75.925,0,0
-75.975,0,0
-76.025,0,0
-76.075,0,0
-76.125,0,0
-76.175,0,0
-76.225,0,0
-76.275,0,0
-76.325,0,0
-76.375,0,0
-76.425,0,0
-76.475,0,0
-76.525,0,0
-76.575,0,0
-76.625,0,0
-76.675,0,0
-76.725,0,0
-76.775,0,0
-76.825,0,0
-76.875,0,0
-76.925,0,0
-76.975,0,0
-77.025,0,0
-77.075,0,0
-77.125,0,0
-77.175,0,0
-77.225,0,0
-77.275,0,0
-77.325,0,0
-77.375,0,0
-77.425,0,0
-77.475,0,0
-77.525,0,0
-77.575,0,0
-77.625,0,0
-77.675,0,0
-77.725,0,0
-77.775,0,0
-77.825,0,0
-77.875,0,0
-77.925,0,0
-77.975,0,0
-78.025,0,0
-78.075,0,0
-78.125,0,0
-78.175,0,0
-78.225,0,0
-78.275,0,0
-78.325,0,0
-78.375,0,0
-78.425,0,0
-78.475,0,0
-78.525,0,0
-78.575,0,0
-78.625,0,0
-78.675,0,0
-78.725,0,0
-78.775,0,0
-78.825,0,0
-78.875,0,0
-78.925,0,0
-78.975,0,0
-79.025,0,0
-79.075,0,0
-79.125,0,0
-79.175,0,0
-79.225,0,0
-79.275,0,0
-79.325,0,0
-79.375,0,0
-79.425,0,0
-79.475,0,0
-79.525,0,0
-79.575,0,0
-79.625,0,0
-79.675,0,0
-79.725,0,0
-79.775,0,0
-79.825,0,0
-79.875,0,0
-79.925,0,0
-79.975,0,0
-80.025,0,0
-80.075,0,0
-80.125,0,0
-80.175,0,0
-80.225,0,0
-80.275,0,0
-80.325,0,0
-80.375,0,0
-80.425,0,0
-80.475,0,0
-80.525,0,0
-80.575,0,0
-80.625,0,0
-80.675,0,0
-80.725,0,0
-80.775,0,0
-80.825,0,0
-80.875,0,0
-80.925,0,0
-80.975,0,0
-81.025,0,0
-81.075,0,0
-81.125,0,0
-81.175,0,0
-81.225,0,0
-81.275,0,0
-81.325,0,0
-81.375,0,0
-81.425,0,0
-81.475,0,0
-81.525,0,0
-81.575,0,0
-81.625,0,0
-81.675,0,0
-81.725,0,0
-81.775,0,0
-81.825,0,0
-81.875,0,0
-81.925,0,0
-81.975,0,0
-82.025,0,0
-82.075,0,0
-82.125,0,0
-82.175,0,0
-82.225,0,0
-82.275,0,0
-82.325,0,0
-82.375,0,0
-82.425,0,0
-82.475,0,0
-82.525,0,0
-82.575,0,0
-82.625,0,0
-82.675,0,0
-82.725,0,0
-82.775,0,0
-82.825,0,0
-82.875,0,0
-82.925,0,0
-82.975,0,0
-83.025,0,0
-83.075,0,0
-83.125,0,0
-83.175,0,0
-83.225,0,0
-83.275,0,0
-83.325,0,0
-83.375,0,0
-83.425,0,0
-83.475,0,0
-83.525,0,0
-83.575,0,0
-83.625,0,0
-83.675,0,0
-83.725,0,0
-83.775,0,0
-83.825,0,0
-83.875,0,0
-83.925,0,0
-83.975,0,0
-84.025,0,0
-84.075,0,0
-84.125,0,0
-84.175,0,0
-84.225,0,0
-84.275,0,0
-84.325,0,0
-84.375,0,0
-84.425,0,0
-84.475,0,0
-84.525,0,0
-84.575,0,0
-84.625,0,0
-84.675,0,0
-84.725,0,0
-84.775,0,0
-84.825,0,0
-84.875,0,0
-84.925,0,0
-84.975,0,0
-85.025,0,0
-85.075,0,0
-85.125,0,0
-85.175,0,0
-85.225,0,0
-85.275,0,0
-85.325,0,0
-85.375,0,0
-85.425,NaN,NaN
-85.475,NaN,NaN
-85.525,NaN,NaN
-85.575,NaN,NaN
-85.625,NaN,NaN
-85.675,NaN,NaN
-85.725,NaN,NaN
-85.775,NaN,NaN
-85.825,NaN,NaN
-85.875,NaN,NaN
-85.925,NaN,NaN
-85.975,NaN,NaN
-86.025,NaN,NaN
-86.075,NaN,NaN
-86.125,NaN,NaN
-86.175,NaN,NaN
-86.225,NaN,NaN
-86.275,NaN,NaN
-86.325,NaN,NaN
-86.375,NaN,NaN
-86.425,NaN,NaN
-86.475,NaN,NaN
-86.525,NaN,NaN
-86.575,NaN,NaN
-86.625,NaN,NaN
-86.675,NaN,NaN
-86.725,NaN,NaN
-86.775,NaN,NaN
-86.825,NaN,NaN
-86.875,NaN,NaN
-86.925,NaN,NaN
-86.975,NaN,NaN
-87.025,NaN,NaN
-87.075,NaN,NaN
-87.125,NaN,NaN
-87.175,NaN,NaN
-87.225,NaN,NaN
-87.275,NaN,NaN
-87.325,NaN,NaN
-87.375,NaN,NaN
-87.425,NaN,NaN
-87.475,NaN,NaN
-87.525,NaN,NaN
-87.575,NaN,NaN
-87.625,NaN,NaN
-87.675,NaN,NaN
-87.725,NaN,NaN
-87.775,NaN,NaN
-87.825,NaN,NaN
-87.875,NaN,NaN
-87.925,NaN,NaN
-87.975,NaN,NaN
-88.025,NaN,NaN
-88.075,NaN,NaN
-88.125,NaN,NaN
-88.175,NaN,NaN
-88.225,NaN,NaN
-88.275,NaN,NaN
-88.325,NaN,NaN
-88.375,NaN,NaN
-88.425,NaN,NaN
-88.475,NaN,NaN
-88.525,NaN,NaN
-88.575,NaN,NaN
-88.625,NaN,NaN
-88.675,NaN,NaN
-88.725,NaN,NaN
-88.775,NaN,NaN
-88.825,NaN,NaN
-88.875,NaN,NaN
-88.925,NaN,NaN
-88.975,NaN,NaN
-89.025,NaN,NaN
-89.075,NaN,NaN
-89.125,NaN,NaN
-89.175,NaN,NaN
-89.225,NaN,NaN
-89.275,NaN,NaN
-89.325,NaN,NaN
-89.375,NaN,NaN
-89.425,NaN,NaN
-89.475,NaN,NaN
-89.525,NaN,NaN
-89.575,NaN,NaN
-89.625,NaN,NaN
-89.675,NaN,NaN
-89.725,NaN,NaN
-89.775,NaN,NaN
-89.825,NaN,NaN
-89.875,NaN,NaN
-89.925,NaN,NaN
-89.975,NaN,NaN
